,suburb
0,Aarons Pass
1,Abbotsbury
2,Abbotsford
3,Abercrombie
4,Abercrombie River
5,Aberdare
6,Aberdeen
7,Aberfoyle
8,Aberglasslyn
9,Abermain
10,Abernethy
11,Abington
12,Acacia Creek
13,Acacia Gardens
14,Adaminaby
15,Adamstown
16,Adamstown Heights
17,Adelong
18,Adjungbilly
19,Afterlee
20,Agnes Banks
21,Airds
22,Akolele
23,Albert
24,Albion Park
25,Albion Park Rail
26,Albury
27,Aldavilla
28,Alectown
29,Alexandria
30,Alfords Point
31,Alfredtown
32,Alice
33,Alison
34,Alison
35,Allambie Heights
36,Allandale
37,Allawah
38,Alleena
39,Allgomera
40,Allworth
41,Allynbrook
42,Alma Park
43,Alpine
44,Alstonvale
45,Alstonville
46,Alumy Creek
47,Amaroo
48,Ambarvale
49,Amosfield
50,Anabranch North
51,Anabranch South
52,Anambah
53,Ando
54,Anembo
55,Angledale
56,Angledool
57,Anglers Reach
58,Angourie
59,Angus
60,Anna Bay
61,Annandale
62,Annangrove
63,Appin
64,Apple Tree Flat
65,Appleby
66,Appletree Flat
67,Apsley
68,Arable
69,Arakoon
70,Araluen
71,Aratula
72,Arcadia
73,Arcadia Vale
74,Ardglen
75,Arding
76,Ardlethan
77,Argalong
78,Argenton
79,Argents Hill
80,Argoon
81,Ariah Park
82,Arkell
83,Arkstone
84,Armatree
85,Armidale
86,Arncliffe
87,Arndell Park
88,Arrawarra
89,Arrawarra Headland
90,Artarmon
91,Arthurville
92,Arumpo
93,Ashbury
94,Ashby
95,Ashby Heights
96,Ashby Island
97,Ashcroft
98,Ashfield
99,Ashford
100,Ashley
101,Ashmont
102,Ashtonfield
103,Asquith
104,Atholwood
105,Attunga
106,Auburn
107,Auburn Vale
108,Audley
109,Austinmer
110,Austral
111,Austral Eden
112,Avalon Beach
113,Avisford
114,Avoca
115,Avoca Beach
116,Avon
117,Avondale
118,Avonside
119,Awaba
120,Aylmerton
121,Baan Baa
122,Babinda
123,Babyl Creek
124,Back Creek
125,Back Creek
126,Back Creek
127,Back Creek
128,Back Creek
129,Back Forest
130,Backmede
131,Backwater
132,Badagarang
133,Badgerys Creek
134,Badja
135,Baerami
136,Baerami Creek
137,Bagnoo
138,Bago
139,Bagotville
140,Bakers Creek
141,Bakers Creek
142,Bakers Creek
143,Bakers Swamp
144,Balaclava
145,Balala
146,Balcolyn
147,Bald Blair
148,Bald Hills
149,Bald Nob
150,Bald Ridge
151,Baldersleigh
152,Baldry
153,Balfours Peak
154,Balgowlah
155,Balgowlah Heights
156,Balgownie
157,Balickera
158,Balladoran
159,Ballalaba
160,Balldale
161,Ballengarra
162,Ballimore
163,Ballina
164,Ballyroe
165,Balmain
166,Balmain East
167,Balmoral
168,Balmoral Village
169,Balranald
170,Bamarang
171,Banda Banda
172,Bandon Grove
173,Bangadang
174,Bangalee
175,Bangalow
176,Bangheet
177,Bango
178,Bangor
179,Banksia
180,Banksmeadow
181,Bankstown
182,Bankstown Aerodrome
183,Bannaby
184,Bannister
185,Banoon
186,Banora Point
187,Banyabba
188,Bar Beach
189,Bar Point
190,Bara
191,Baradine
192,Barangaroo
193,Barcoongere
194,Barden Ridge
195,Bardia
196,Bardwell Park
197,Bardwell Valley
198,Barellan
199,Bargo
200,Barham
201,Barigan
202,Barkers Vale
203,Barmedman
204,Barneys Reef
205,Barnsley
206,Barooga
207,Barraba
208,Barrack Heights
209,Barrack Point
210,Barraganyatti
211,Barragga Bay
212,Barratta
213,Barren Grounds
214,Barrengarry
215,Barretts Creek
216,Barringella
217,Barrington
218,Barrington Tops
219,Barringun
220,Barry
221,Barry
222,Barwang
223,Baryulgil
224,Basin View
225,Bass Hill
226,Bassendean
227,Batar Creek
228,Bateau Bay
229,Batehaven
230,Batemans Bay
231,Bathampton
232,Bathurst
233,Batlow
234,Baulkham Hills
235,Baw Baw
236,Bawley Point
237,Baxters Ridge
238,Bayview
239,Beacon Hill
240,Beaconsfield
241,Bean Creek
242,Bearbong
243,Beaumont
244,Beaumont Hills
245,Beckom
246,Bective
247,Bectric
248,Bedgerabong
249,Beechwood
250,Beecroft
251,Beecroft Peninsula
252,Beelbangera
253,Beemunnel
254,Bega
255,Beggan Beggan
256,Belanglo
257,Belbora
258,Belfield
259,Belford
260,Belfrayden
261,Belgravia
262,Belimbla Park
263,Bell
264,Bella Vista
265,Bellambi
266,Bellangry
267,Bellata
268,Bellawongarah
269,Bellbird
270,Bellbird Heights
271,Bellbrook
272,Bellevue Hill
273,Bellimbopinni
274,Bellingen
275,Bellmount Forest
276,Belltrees
277,Belmont
278,Belmont North
279,Belmont South
280,Belmore
281,Belmore River
282,Beloka
283,Beloon
284,Belowra
285,Belrose
286,Bemboka
287,Ben Bullen
288,Ben Lomond
289,Benandarah
290,Bendalong
291,Bendemeer
292,Bendick Murrell
293,Bendolba
294,Bendoura
295,Benerembah
296,Bengalla
297,Bennetts Green
298,Benolong
299,Bensville
300,Bentley
301,Berala
302,Berambing
303,Beresfield
304,Bergalia
305,Berkeley
306,Berkeley Vale
307,Berkshire Park
308,Berlang
309,Bermagui
310,Berowra
311,Berowra Heights
312,Berowra Waters
313,Berrambool
314,Berrara
315,Berremangra
316,Berrico
317,Berridale
318,Berrigal
319,Berrigan
320,Berrilee
321,Berrima
322,Berringer Lake
323,Berry
324,Berry Jerry
325,Berry Mountain
326,Berry Park
327,Berthong
328,Beryl
329,Bethungra
330,Bevendale
331,Beverley Park
332,Beverly Hills
333,Bewong
334,Bexhill
335,Bexley
336,Bexley North
337,Biala
338,Bibbenluke
339,Bickley Vale
340,Biddon
341,Bidgeemia
342,Bidwill
343,Bielsdown Hills
344,Big Hill
345,Big Jacks Creek
346,Big Ridge
347,Big Springs
348,Bigga
349,Bilambil
350,Bilambil Heights
351,Bilbul
352,Bilgola Beach
353,Bilgola Plateau
354,Billeroy
355,Billilingra
356,Billimari
357,Billinudgel
358,Billys Creek
359,Billywillinga
360,Bilpin
361,Bimberi
362,Bimbi
363,Bimbimbie
364,Bimlow
365,Binalong
366,Binda
367,Bindera
368,Bindook
369,Bingara
370,Bingeebeebra Creek
371,Bingie
372,Bingleburra
373,Biniguy
374,Binjura
375,Binna Burra
376,Binnaway
377,Binya
378,Birchgrove
379,Birdwood
380,Birganbigil
381,Birmingham Gardens
382,Birriwa
383,Birrong
384,Bishops Bridge
385,Bithramere
386,Black Creek
387,Black Creek
388,Black Head
389,Black Hill
390,Black Hollow
391,Black Mountain
392,Black Range
393,Black Springs
394,Blackalls Park
395,Blackbutt
396,Blackett
397,Blackheath
398,Blackheath
399,Blackmans Flat
400,Blackmans Point
401,Blacksmiths
402,Blacktown
403,Blackville
404,Blackwall
405,Blair Athol
406,Blairmount
407,Blakebrook
408,Blakehurst
409,Blakney Creek
410,Bland
411,Blandford
412,Blaxland
413,Blaxlands Creek
414,Blaxlands Ridge
415,Blayney
416,Bligh Park
417,Blighty
418,Blowering
419,Blue Bay
420,Blue Cow
421,Blue Haven
422,Blue Knob
423,Blue Mountains National Park
424,Blue Mountains National Park
425,Blue Mountains National Park
426,Blue Mountains National Park
427,Blue Mountains National Park
428,Blue Mountains National Park
429,Blue Mountains National Park
430,Blue Mountains National Park
431,Blue Mountains National Park
432,Blue Mountains National Park
433,Blue Mountains National Park
434,Blue Mountains National Park
435,Blue Mountains National Park
436,Blue Mountains National Park
437,Blue Nobby
438,Blue Vale
439,Blueys Beach
440,Boambee
441,Boambee East
442,Boambolo
443,Boat Harbour
444,Boat Harbour
445,Bobadah
446,Bobin
447,Bobs Creek
448,Bobs Farm
449,Bobundara
450,Boco
451,Bocoble
452,Bocobra
453,Bodalla
454,Bodangora
455,Boeill Creek
456,Bogan
457,Bogan Gate
458,Bogangar
459,Bogee
460,Boggabilla
461,Boggabri
462,Bogong Peaks Wilderness
463,Bohena Creek
464,Bohnock
465,Bolaro
466,Bolivia
467,Bolong
468,Bolton Point
469,Bolwarra
470,Bolwarra Heights
471,Bom Bom
472,Bomaderry
473,Bombah Point
474,Bombala
475,Bombay
476,Bombira
477,Bombo
478,Bombowlee
479,Bombowlee Creek
480,Bomen
481,Bonalbo
482,Bondi
483,Bondi Beach
484,Bondi Forest
485,Bondi Junction
486,Bonnells Bay
487,Bonnet Bay
488,Bonnie Vale
489,Bonny Hills
490,Bonnyrigg
491,Bonnyrigg Heights
492,Bonshaw
493,Bonville
494,Booerie Creek
495,Book Book
496,Booker Bay
497,Bookham
498,Bookookoorara
499,Bookram
500,Boolambayte
501,Boolaroo
502,Boolcarroll
503,Booligal
504,Boolijah
505,Boomanoomana
506,Boomerang Beach
507,Boomey
508,Boomi
509,Boomi Creek
510,Boona Mount
511,Boonal
512,Boonoo Boonoo
513,Boorabee Park
514,Booragul
515,Booral
516,Boorga
517,Boorganna
518,Boorolong
519,Boorook
520,Boorooma
521,Booroorban
522,Boorowa
523,Bootawa
524,Booti Booti
525,Booyong
526,Bora Ridge
527,Borah Creek
528,Borambil
529,Borambola
530,Border Ranges
531,Boree
532,Boree Creek
533,Borenore
534,Boro
535,Bossley Park
536,Bostobrick
537,Botany
538,Botany Bay
539,Botobolar
540,Bottle Creek
541,Bouddi
542,Bourbah
543,Bourke
544,Bourkelands
545,Bournda
546,Bournewood
547,Bow Bowing
548,Bowan Park
549,Bowen Mountain
550,Bowenfels
551,Bowling Alley Point
552,Bowman
553,Bowman Farm
554,Bowmans Creek
555,Bowna
556,Bowning
557,Bowral
558,Bowraville
559,Box Head
560,Box Hill
561,Boxers Creek
562,Boydtown
563,Bradbury
564,Bradfield
565,Braefield
566,Braemar
567,Braemar Bay
568,Braidwood
569,Brandy Hill
570,Branxton
571,Braunstone
572,Brawboy
573,Bray Park
574,Brays Creek
575,Brayton
576,Breadalbane
577,Breakfast Creek
578,Breakfast Point
579,Bream Beach
580,Bredbo
581,Breelong
582,Breeza
583,Brereton
584,Bretti
585,Brewarrina
586,Brewongle
587,Briarbrook
588,Bribbaree
589,Bridgman
590,Brierfield
591,Brighton-Le-Sands
592,Brightwaters
593,Bril Bril
594,Brimbin
595,Brindabella
596,Brinerville
597,Bringelly
598,Bringenbrong
599,Brisbane Grove
600,Broadmeadow
601,Broadwater
602,Broadwater
603,Broadway
604,Brobenah
605,Brocklehurst
606,Brocklesby
607,Brockley
608,Brodies Plains
609,Brogans Creek
610,Brogers Creek
611,Brogo
612,Broke
613,Broken Dam
614,Broken Head
615,Broken Hill
616,Brombin
617,Bronte
618,Brookdale
619,Brookfield
620,Brooklana
621,Brooklet
622,Brooklyn
623,Brookong
624,Brookvale
625,Brooman
626,Brooms Head
627,Broughams Gate
628,Broughton
629,Broughton Vale
630,Broughton Village
631,Broulee
632,Brownlow Hill
633,Browns Creek
634,Browns Mountain
635,Brownsville
636,Brucedale
637,Bruie Plains
638,Bruinbun
639,Brumby Plains
640,Brundee
641,Brungle
642,Brungle Creek
643,Brunkerville
644,Brunswick Heads
645,Brushgrove
646,Brushy Creek
647,Buangla
648,Bucca
649,Bucca Wauka
650,Buccarumbi
651,Buchanan
652,Buckajo
653,Buckaroo
654,Buckenbowra
655,Buckenderra
656,Buckendoon
657,Bucketty
658,Buckra Bendinni
659,Budawang
660,Buddabadah
661,Budden
662,Budderoo
663,Buddong
664,Budgee Budgee
665,Budgewoi
666,Budgewoi
667,Budgewoi Peninsula
668,Budgong
669,Buff Point
670,Bugaldie
671,Bukalong
672,Bukkulla
673,Bulahdelah
674,Bulee
675,Bulga
676,Bulga Forest
677,Bulgary
678,Bulla
679,Bulla Creek
680,Bullaburra
681,Bullagreen
682,Bullarah
683,Bullatale
684,Bullawa Creek
685,Bulldog
686,Bulli
687,Bulliac
688,Bullio
689,Bullocks Flat
690,Bulyeroi
691,Bumbaldry
692,Bumbalong
693,Bumberry
694,Bundabah
695,Bundagen
696,Bundanoon
697,Bundarra
698,Bundeena
699,Bundella
700,Bundemar
701,Bundewallah
702,Bundook
703,Bundure
704,Bungaba
705,Bungabbee
706,Bungalora
707,Bungarby
708,Bungarribee
709,Bungawalbin
710,Bungendore
711,Bungonia
712,Bungowannah
713,Bungwahl
714,Bunnaloo
715,Bunnan
716,Bunyah
717,Bunyan
718,Burcher
719,Bureen
720,Burnt Bridge
721,Burnt Yards
722,Buronga
723,Burra
724,Burra
725,Burra Creek
726,Burraboi
727,Burradoo
728,Burraga
729,Burragate
730,Burragorang Valley
731,Burrandana
732,Burraneer
733,Burrangong
734,Burrapine
735,Burrawang
736,Burrell Creek
737,Burren Junction
738,Burrier
739,Burrill Lake
740,Burringbar
741,Burrinjuck
742,Burroway
743,Burrumbuttock
744,Burrundulla
745,Burrungubugge
746,Burwood
747,Burwood Heights
748,Busby
749,Busbys Flat
750,Bushells Ridge
751,Buttaba
752,Buttai
753,Butterwick
754,Buxton
755,Byabarra
756,Byadbo Wilderness
757,Byangum
758,Bylong
759,Byng
760,Byrock
761,Byron Bay
762,Byrrill Creek
763,Bywong
764,Cabarita
765,Cabarita Beach
766,Cabbage Tree Island
767,Cabbage Tree Island
768,Cabramatta
769,Cabramatta West
770,Cabramurra
771,Caddens
772,Cadgee
773,Cadia
774,Caerleon
775,Caffreys Flat
776,Cairncross
777,Calala
778,Calamia
779,Calderwood
780,Caldwell
781,Calga
782,Califat
783,Calimo
784,Callaghan
785,Callaghans Creek
786,Callala Bay
787,Callala Beach
788,Calliope
789,Caloola
790,Cambalong
791,Camberwell
792,Cambewarra
793,Cambewarra Village
794,Camboon
795,Cambra
796,Cambridge Gardens
797,Cambridge Park
798,Cambridge Plateau
799,Camden
800,Camden Head
801,Camden Park
802,Camden South
803,Camellia
804,Cameron Park
805,Camerons Creek
806,Camira
807,Cammeray
808,Camp Creek
809,Campbelltown
810,Camperdown
811,Campsie
812,Campvale
813,Cams Wharf
814,Canada Bay
815,Canadian Lead
816,Canbelego
817,Candelo
818,Cangai
819,Caniaba
820,Canley Heights
821,Canley Vale
822,Canobolas
823,Canoelands
824,Canonba
825,Canowindra
826,Canterbury
827,Canton Beach
828,Canyonleigh
829,Caparra
830,Capeen Creek
831,Capertee
832,Capoompeta
833,Captains Flat
834,Carabost
835,Caragabal
836,Carcalgong
837,Carcoar
838,Cardiff
839,Cardiff Heights
840,Cardiff South
841,Carey Bay
842,Cargo
843,Carinda
844,Caringbah
845,Caringbah South
846,Carlaminda
847,Carlingford
848,Carlton
849,Carnes Hill
850,Carnham
851,Carool
852,Caroona
853,Carrabolla
854,Carrai
855,Carramar
856,Carrathool
857,Carrick
858,Carrington
859,Carrington
860,Carrington Falls
861,Carroll
862,Carrolls Creek
863,Carrowbrook
864,Carrs Creek
865,Carrs Island
866,Carrs Peninsula
867,Carss Park
868,Cartwright
869,Cartwrights Hill
870,Carwell
871,Carwoola
872,Cascade
873,Casino
874,Cassilis
875,Castle Cove
876,Castle Doyle
877,Castle Hill
878,Castle Rock
879,Castlecrag
880,Castlereagh
881,Casuarina
882,Casula
883,Catalina
884,Cataract
885,Cathcart
886,Catherine Field
887,Catherine Hill Bay
888,Cathundral
889,Cattai
890,Cattle Creek
891,Cavan
892,Caves Beach
893,Cawdor
894,Cawongla
895,Cecil Hills
896,Cecil Park
897,Cedar Brush Creek
898,Cedar Creek
899,Cedar Creek
900,Cedar Party
901,Cedar Point
902,Cells River
903,Centennial Park
904,Central Colo
905,Central Macdonald
906,Central Mangrove
907,Central Tilba
908,Cessnock
909,Chaelundi
910,Chain Valley Bay
911,Chakola
912,Chambigne
913,Charbon
914,Charles Sturt University
915,Charlestown
916,Charleys Forest
917,Charlotte Bay
918,Charlotte Pass
919,Charlton
920,Charmhaven
921,Chatham Valley
922,Chatsbury
923,Chatswood
924,Chatswood West
925,Chatswood West
926,Chatsworth
927,Cheero Point
928,Cheltenham
929,Cherry Tree Hill
930,Cherrybrook
931,Chester Hill
932,Chichester
933,Chifley
934,Chilcotts Creek
935,Chilcotts Grass
936,Chillingham
937,Chinderah
938,Chinnock
939,Chippendale
940,Chipping Norton
941,Chisholm
942,Chiswick
943,Chittaway Bay
944,Chittaway Point
945,Chowan Creek
946,Chullora
947,Church Point
948,Clandulla
949,Clare
950,Claremont Meadows
951,Clarence
952,Clarence Town
953,Clarendon
954,Clarenza
955,Clareville
956,Claymore
957,Clear Creek
958,Clear Range
959,Clearfield
960,Clemton Park
961,Clergate
962,Cleveland
963,Clifden
964,Cliftleigh
965,Clifton
966,Clifton Grove
967,Clontarf
968,Clothiers Creek
969,Clouds Creek
970,Clovass
971,Clovelly
972,Clunes
973,Clybucca
974,Clyde
975,Clydesdale
976,Coal Point
977,Coalcliff
978,Coaldale
979,Coasters Retreat
980,Cobaki
981,Cobaki Lakes
982,Cobar
983,Cobar Park
984,Cobargo
985,Cobark
986,Cobbadah
987,Cobbitty
988,Cobbora
989,Cobramunga
990,Cockwhy
991,Codrington
992,Coffee Camp
993,Coffs Harbour
994,Coggan
995,Cogra Bay
996,Coila
997,Coldstream
998,Coleambally
999,Colebee
1000,Coledale
1001,Colinroobie
1002,Colinton
1003,Collarenebri
1004,Collaroy
1005,Collaroy Plateau
1006,Collector
1007,Collendina
1008,Collerina
1009,Collie
1010,Collingullie
1011,Collingwood
1012,Collins Creek
1013,Collombatti
1014,Collum Collum
1015,Colly Blue
1016,Colo
1017,Colo
1018,Colo Heights
1019,Colo Vale
1020,Colongra
1021,Colyton
1022,Comara
1023,Combaning
1024,Combara
1025,Comberton
1026,Combo
1027,Comboyne
1028,Come by Chance
1029,Comerong Island
1030,Commissioners Creek
1031,Como
1032,Comobella
1033,Conargo
1034,Concord
1035,Concord West
1036,Condell Park
1037,Condobolin
1038,Condong
1039,Coneac
1040,Congarinni
1041,Congarinni North
1042,Congewai
1043,Congo
1044,Conimbia
1045,Coniston
1046,Conjola
1047,Conjola Park
1048,Connells Point
1049,Constitution Hill
1050,Coogee
1051,Cookamidgera
1052,Cookardinia
1053,Cooks Gap
1054,Cooks Hill
1055,Cooks Myalls
1056,Coolabah
1057,Coolac
1058,Coolagolite
1059,Coolah
1060,Coolamon
1061,Coolangatta
1062,Coolangubra
1063,Coolatai
1064,Cooleman
1065,Cooleys Creek
1066,Coolgardie
1067,Coolongolook
1068,Coolringdon
1069,Coolumbooka
1070,Coolumburra
1071,Cooma
1072,Coomba Bay
1073,Coomba Park
1074,Coombadjha
1075,Coombell
1076,Coomealla
1077,Coomoo Coomoo
1078,Coonabarabran
1079,Coonamble
1080,Cooneys Creek
1081,Coongbar
1082,Cooperabung
1083,Coopernook
1084,Coopers Gully
1085,Coopers Shoot
1086,Cooplacurripa
1087,Coorabell
1088,Cooranbong
1089,Cootamundra
1090,Cootralantra
1091,Cooyal
1092,Copacabana
1093,Cope
1094,Copeland
1095,Copeton
1096,Copmanhurst
1097,Coppabella
1098,Copperhannia
1099,Coraki
1100,Coralville
1101,Coramba
1102,Corang
1103,Corangula
1104,Corbie Hill
1105,Cordeaux
1106,Cordeaux Heights
1107,Coree
1108,Coreen
1109,Corindi Beach
1110,Corinella
1111,Corlette
1112,Corndale
1113,Corney Town
1114,Cornwallis
1115,Corobimilla
1116,Corowa
1117,Corrabare
1118,Corrimal
1119,Corrong
1120,Corrowong
1121,Corunna
1122,Cottage Point
1123,Cottonvale
1124,Cougal
1125,Countegany
1126,Courabyra
1127,Couradda
1128,Couragago
1129,Couridjah
1130,Coutts Crossing
1131,Cow Flat
1132,Cowabbie
1133,Cowan
1134,Cowper
1135,Cowra
1136,Coxs Creek
1137,Coxs Crown
1138,Crabbes Creek
1139,Crackenback
1140,Craigie
1141,Cranebrook
1142,Crangan Bay
1143,Craven
1144,Craven Plateau
1145,Crawford River
1146,Crawney
1147,Creel Bay
1148,Creewah
1149,Cremorne
1150,Cremorne Point
1151,Crescent Head
1152,Crestwood
1153,Cringila
1154,Croki
1155,Cromer
1156,Cronulla
1157,Crooble
1158,Croobyar
1159,Crooked Corner
1160,Crookwell
1161,Croom
1162,Croppa Creek
1163,Cross Roads
1164,Crosslands
1165,Croudace Bay
1166,Crowdy Bay
1167,Crowdy Head
1168,Crows Nest
1169,Crowther
1170,Crowther Island
1171,Croydon
1172,Croydon Park
1173,Crudine
1174,Cryon
1175,Crystal Creek
1176,Cubba
1177,Cudal
1178,Cudgegong
1179,Cudgel
1180,Cudgen
1181,Cudgera Creek
1182,Cudmirrah
1183,Culburra Beach
1184,Culcairn
1185,Cullen Bullen
1186,Cullenbone
1187,Cullendore
1188,Cullerin
1189,Cullivel
1190,Culmaran Creek
1191,Cumbalum
1192,Cumbandry
1193,Cumberland Reach
1194,Cumbo
1195,Cumborah
1196,Cumnock
1197,Cundle Flat
1198,Cundletown
1199,Cundumbul
1200,Cunjurong Point
1201,Cunningar
1202,Cunninyeuk
1203,Curban
1204,Curl Curl
1205,Curlew Waters
1206,Curlewis
1207,Curlwaa
1208,Curra Creek
1209,Currabubula
1210,Curragh
1211,Curramore
1212,Currans Hill
1213,Currarong
1214,Currawang
1215,Currawarna
1216,Curraweela
1217,Currawong Beach
1218,Curricabark
1219,Currowan
1220,Cuttabri
1221,Cuttagee
1222,Dabee
1223,Daceyville
1224,Dairy Arm
1225,Dairy Flat
1226,Dairymans Plains
1227,Daleys Point
1228,Dalgety
1229,Dalmeny
1230,Dalmorton
1231,Dalswinton
1232,Dalton
1233,Dalwood
1234,Dalwood
1235,Dandaloo
1236,Dandry
1237,Dangar Island
1238,Dangarsleigh
1239,Dangelong
1240,Dapto
1241,Darawank
1242,Darbalara
1243,Darbys Falls
1244,Dareton
1245,Dargan
1246,Dark Corner
1247,Darkes Forest
1248,Darkwood
1249,Darling Point
1250,Darlinghurst
1251,Darlington
1252,Darlington
1253,Darlington Point
1254,Darlow
1255,Daroobalgie
1256,Dartbrook
1257,Daruka
1258,Davidson
1259,Davis Creek
1260,Davistown
1261,Dawes Point
1262,Daysdale
1263,Dean Park
1264,Deauville
1265,Debenham
1266,Dee Why
1267,Deep Creek
1268,Deep Creek
1269,Deep Creek
1270,Deepwater
1271,Deer Vale
1272,Delegate
1273,Delungra
1274,Denham Court
1275,Denhams Beach
1276,Deniliquin
1277,Denistone
1278,Denistone East
1279,Denistone West
1280,Denman
1281,Depot Beach
1282,Derriwong
1283,Deua
1284,Deua River Valley
1285,Devils Hole
1286,Dewitt
1287,Dharruk
1288,Dhulura
1289,Dhuragoon
1290,Diamond Beach
1291,Diamond Head
1292,Diehard
1293,Diggers Camp
1294,Dignams Creek
1295,Dilkoon
1296,Dilpurra
1297,Dingo Forest
1298,Dinoga
1299,Dirnaseer
1300,Dirty Creek
1301,Dobies Bight
1302,Doctor George Mountain
1303,Doctors Gap
1304,Dog Rocks
1305,Dolans Bay
1306,Dolls Point
1307,Dollys Flat
1308,Dolphin Point
1309,Dombarton
1310,Donald Creek
1311,Dondingalong
1312,Donnellyville
1313,Doon Doon
1314,Doonbah
1315,Doonside
1316,Dooralong
1317,Dora Creek
1318,Dorrigo
1319,Dorrigo Mountain
1320,Dorroughby
1321,Double Bay
1322,Doubtful Creek
1323,Douglas Park
1324,Dover Heights
1325,Downside
1326,Doyalson
1327,Doyalson North
1328,Doyles Creek
1329,Doyles River
1330,Drake
1331,Drake Village
1332,Drildool
1333,Dripstone
1334,Drummoyne
1335,Dry Creek
1336,Dry Plain
1337,Dubbo
1338,Duck Creek
1339,Duckenfield
1340,Duckmaloi
1341,Dudley
1342,Duffys Forest
1343,Dulguigan
1344,Dulwich Hill
1345,Dum Dum
1346,Dumaresq
1347,Dumaresq Island
1348,Dumaresq Valley
1349,Dumbudgery
1350,Dunbible
1351,Dunbogan
1352,Duncans Creek
1353,Dundas
1354,Dundas Valley
1355,Dundee
1356,Dundurrabin
1357,Dunedoo
1358,Dungarubba
1359,Dungay
1360,Dungeree
1361,Dungog
1362,Dungowan
1363,Dunkeld
1364,Dunmore
1365,Dunolly
1366,Dunoon
1367,Duns Creek
1368,Dunville Loop
1369,Dural
1370,Dural
1371,Duramana
1372,Duranbah
1373,Duri
1374,Duroby
1375,Durran Durra
1376,Durras North
1377,Durren Durren
1378,Duval
1379,Dyers Crossing
1380,Dyraaba
1381,Dyrring
1382,Eagle Vale
1383,Eagleton
1384,Earlwood
1385,East Albury
1386,East Ballina
1387,East Branxton
1388,East Coraki
1389,East Corrimal
1390,East Gosford
1391,East Gresford
1392,East Hills
1393,East Jindabyne
1394,East Kangaloon
1395,East Kempsey
1396,East Killara
1397,East Kurrajong
1398,East Lindfield
1399,East Lismore
1400,East Lynne
1401,East Maitland
1402,East Ryde
1403,East Seaham
1404,East Tamworth
1405,East Wagga Wagga
1406,East Wardell
1407,Eastern Creek
1408,Eastgardens
1409,Eastlakes
1410,Eastwood
1411,Eatonsville
1412,Ebenezer
1413,Ebor
1414,Eccleston
1415,Edderton
1416,Eden
1417,Eden Creek
1418,Edensor Park
1419,Edenville
1420,Edgecliff
1421,Edgeroi
1422,Edgeworth
1423,Edith
1424,Edmondson Park
1425,Edrom
1426,Eenaweena
1427,Eglinton
1428,Eighteen Mile
1429,Elands
1430,Elanora Heights
1431,Elcombe
1432,Elderslie
1433,Elderslie
1434,Eleebana
1435,Elermore Vale
1436,Elizabeth Bay
1437,Elizabeth Beach
1438,Elizabeth Hills
1439,Ellalong
1440,Elland
1441,Ellangowan
1442,Ellenborough
1443,Ellerslie
1444,Ellerslie
1445,Ellerston
1446,Ellis Lane
1447,Elong Elong
1448,Elrington
1449,Elsmore
1450,Eltham
1451,Elvina Bay
1452,Emerald Beach
1453,Emerald Hill
1454,Emerton
1455,Emmaville
1456,Empire Bay
1457,Empire Vale
1458,Emu Heights
1459,Emu Plains
1460,Emu Swamp
1461,Endrick
1462,Enfield
1463,Engadine
1464,Englorie Park
1465,Enmore
1466,Enmore
1467,Enngonia
1468,Environa
1469,Epping
1470,Eraring
1471,Eremerang
1472,Erigolia
1473,Erin Vale
1474,Erina
1475,Erina Heights
1476,Ermington
1477,Erowal Bay
1478,Errowanbang
1479,Erskine Park
1480,Erskineville
1481,Erudgere
1482,Eschol Park
1483,Esk
1484,Essington
1485,Estella
1486,Ettalong Beach
1487,Ettamogah
1488,Ettrema
1489,Ettrick
1490,Euabalong
1491,Euabalong West
1492,Euberta
1493,Euchareena
1494,Eucumbene
1495,Eugowra
1496,Eulah Creek
1497,Eumungerie
1498,Eunanoreenya
1499,Eungai Creek
1500,Eungai Rail
1501,Eungella
1502,Eureka
1503,Eurimbla
1504,Eurobodalla
1505,Euroka
1506,Euroley
1507,Eurongilly
1508,Eurunderee
1509,Euston
1510,Evans Head
1511,Evans Plains
1512,Eveleigh
1513,Eviron
1514,Ewingar
1515,Ewingsdale
1516,Exeter
1517,Failford
1518,Fairfield
1519,Fairfield East
1520,Fairfield Heights
1521,Fairfield West
1522,Fairholme
1523,Fairlight
1524,Fairy Hill
1525,Fairy Meadow
1526,Falbrook
1527,Falconer
1528,Falls Creek
1529,Far Meadow
1530,Fargunyah
1531,Farley
1532,Farmborough Heights
1533,Farnham
1534,Farrants Hill
1535,Farringdon
1536,Fassifern
1537,Faulconbridge
1538,Faulkland
1539,Fawcetts Plain
1540,Federal
1541,Fennell Bay
1542,Fern Bay
1543,Fern Gully
1544,Fernances
1545,Fernances Crossing
1546,Fernbank Creek
1547,Fernbrook
1548,Fernhill
1549,Fernleigh
1550,Fernmount
1551,Fernside
1552,Fernvale
1553,Ferodale
1554,Fiddletown
1555,Fifield
1556,Figtree
1557,Findon Creek
1558,Fine Flower
1559,Fingal Bay
1560,Fingal Head
1561,Finley
1562,Firefly
1563,Fishermans Bay
1564,Fishermans Paradise
1565,Fishermans Reach
1566,Fishers Hill
1567,Fishing Point
1568,Fitzgeralds Mount
1569,Fitzgeralds Valley
1570,Fitzroy Falls
1571,Five Dock
1572,Five Ways
1573,Flat Tops
1574,Fletcher
1575,Flinders
1576,Floraville
1577,Forbes
1578,Forbes Creek
1579,Forbes River
1580,Forbesdale
1581,Fords Bridge
1582,Fordwich
1583,Forest Glen
1584,Forest Grove
1585,Forest Hill
1586,Forest Land
1587,Forest Lodge
1588,Forest Reefs
1589,Forestville
1590,Forresters Beach
1591,Forster
1592,Fortis Creek
1593,Fosters Valley
1594,Fosterton
1595,Fountaindale
1596,Four Corners
1597,Four Mile Creek
1598,Fowlers Gap
1599,Foxground
1600,Frazer Park
1601,Frazers Creek
1602,Frederickton
1603,Freeburn Island
1604,Freemans
1605,Freemans Reach
1606,Freemans Waterhole
1607,Freemantle
1608,French Park
1609,Frenchs Forest
1610,Freshwater
1611,Frog Rock
1612,Frogmore
1613,Frogs Hollow
1614,Frying Pan
1615,Fullerton
1616,Fullerton Cove
1617,Furracabad
1618,Gables
1619,Gadara
1620,Gala Vale
1621,Galambine
1622,Galong
1623,Galore
1624,Galston
1625,Ganbenang
1626,Gangat
1627,Ganmain
1628,Garah
1629,Garden Suburb
1630,Garema
1631,Garie
1632,Garland
1633,Garland Valley
1634,Garoo
1635,Garra
1636,Garthowen
1637,Gateshead
1638,Gearys Flat
1639,Geehi
1640,Gelston Park
1641,Gemalla
1642,Geneva
1643,Georges Creek
1644,Georges Hall
1645,Georges Plains
1646,Georgetown
1647,Georgica
1648,Gerogery
1649,Gerringong
1650,Gerroa
1651,Geurie
1652,Ghinni Ghi
1653,Ghinni Ghinni
1654,Ghoolendaadi
1655,Giants Creek
1656,Gibberagee
1657,Gibraltar Range
1658,Gidginbung
1659,Gidley
1660,Gilead
1661,Gilgai
1662,Gilgandra
1663,Gilgooma
1664,Gilgunnia
1665,Gillenbah
1666,Gilletts Ridge
1667,Gillieston Heights
1668,Gilmandyke
1669,Gilmore
1670,Gin Gin
1671,Gineroi
1672,Ginghi
1673,Gingkin
1674,Girards Hill
1675,Girilambone
1676,Giro
1677,Girral
1678,Girralong
1679,Girraween
1680,Girvan
1681,Gladesville
1682,Gladstone
1683,Glanmire
1684,Glebe
1685,Gledswood Hills
1686,Glen Alice
1687,Glen Allen
1688,Glen Alpine
1689,Glen Davis
1690,Glen Elgin
1691,Glen Fergus
1692,Glen Innes
1693,Glen Martin
1694,Glen Nevis
1695,Glen Oak
1696,Glen Ward
1697,Glen William
1698,Glenbawn
1699,Glenbrook
1700,Glencoe
1701,Glendale
1702,Glendenning
1703,Glendon
1704,Glendon Brook
1705,Glenelg
1706,Glenellen
1707,Glenfield
1708,Glenfield Park
1709,Glengarrie
1710,Glenhaven
1711,Gleniffer
1712,Glenmore
1713,Glenmore Park
1714,Glennies Creek
1715,Glenning Valley
1716,Glenorie
1717,Glenquarry
1718,Glenreagh
1719,Glenridding
1720,Glenrock
1721,Glenroy
1722,Glenroy
1723,Glenthorne
1724,Glenugie
1725,Glenwood
1726,Glenworth Valley
1727,Glossodia
1728,Gloucester
1729,Gloucester Tops
1730,Goarra
1731,Goat Island
1732,Gobarralong
1733,Gobbagombalin
1734,Gocup
1735,Godfreys Creek
1736,Gogeldrie
1737,Gol Gol
1738,Gollan
1739,Golspie
1740,Gongolgon
1741,Gonn
1742,Gooandra
1743,Goobarragandra
1744,Good Forest
1745,Good Hope
1746,Goodmans Ford
1747,Goodnight
1748,Goodooga
1749,Goodwood Island
1750,Googong
1751,Goolgowi
1752,Goolhi
1753,Goolma
1754,Goolmangar
1755,Gooloogong
1756,Goombargana
1757,Goonellabah
1758,Goonengerry
1759,Goonoo Forest
1760,Goonoo Goonoo
1761,Goonumbla
1762,Goorangoola
1763,Goorianawa
1764,Gordon
1765,Gorge Creek
1766,Gormans Hill
1767,Gorokan
1768,Gosford
1769,Gosforth
1770,Gostwyck
1771,Goulburn
1772,Gouldsville
1773,Gowan
1774,Gowang
1775,Gowrie
1776,Gowrie
1777,Grabben Gullen
1778,Gradys Creek
1779,Grafton
1780,Gragin
1781,Grahamstown
1782,Graman
1783,Grantham Farm
1784,Grants Beach
1785,Granville
1786,Grasmere
1787,Grassy Head
1788,Grattai
1789,Gravesend
1790,Grawin Opal Fields
1791,Grays Point
1792,Great Mackerel Beach
1793,Great Marlow
1794,Green Cape
1795,Green Creek
1796,Green Forest
1797,Green Gully
1798,Green Hills
1799,Green Hills
1800,Green Pigeon
1801,Green Point
1802,Green Point
1803,Green Valley
1804,Greenacre
1805,Greendale
1806,Greendale
1807,Greenethorpe
1808,Greenfield Park
1809,Greengrove
1810,Greenhill
1811,Greenhills Beach
1812,Greenlands
1813,Greenlands
1814,Greenleigh
1815,Greenridge
1816,Greenwell Point
1817,Greenwich
1818,Greenwich Park
1819,Greg Greg
1820,Gregadoo
1821,Gregory Hills
1822,Greigs Flat
1823,Grenfell
1824,Gresford
1825,Greta
1826,Greta Main
1827,Grevillia
1828,Greystanes
1829,Griffith
1830,Grogan
1831,Grong Grong
1832,Grose Vale
1833,Grose Wold
1834,Grosses Plain
1835,Growee
1836,Guerilla Bay
1837,Guildford
1838,Guildford West
1839,Gulargambone
1840,Gulf Creek
1841,Gulgong
1842,Gulmarrad
1843,Gum Flat
1844,Gum Scrub
1845,Gumbalie
1846,Gumble
1847,Gumly Gumly
1848,Gumma
1849,Gunbar
1850,Gundagai
1851,Gundamulda
1852,Gundaroo
1853,Gundary
1854,Gunderbooka
1855,Gunderman
1856,Gundy
1857,Gungal
1858,Gungalman
1859,Gunnedah
1860,Gunning
1861,Gunning Gap
1862,Gunningbland
1863,Gunningrah
1864,Guntawang
1865,Gurley
1866,Gurnang
1867,Gurranang
1868,Gurrundah
1869,Guthega
1870,Guyong
1871,Guyra
1872,Gwabegar
1873,Gwandalan
1874,Gwynneville
1875,Gymea
1876,Gymea Bay
1877,Haberfield
1878,Hacks Ferry
1879,Halekulani
1880,Halfway Creek
1881,Hallidays Point
1882,Halloran
1883,Halls Creek
1884,Hallsville
1885,Halton
1886,Hambledon Hill
1887,Hamilton
1888,Hamilton East
1889,Hamilton North
1890,Hamilton South
1891,Hamilton Valley
1892,Hamlyn Terrace
1893,Hammondville
1894,Hampden Hall
1895,Hampton
1896,Hanging Rock
1897,Hanleys Creek
1898,Hannam Vale
1899,Hanwood
1900,Harden
1901,Hardys Bay
1902,Harefield
1903,Hargraves
1904,Harolds Cross
1905,Harparary
1906,Harpers Hill
1907,Harrington
1908,Harrington Park
1909,Harris Park
1910,Hartley
1911,Hartley Vale
1912,Hartwood
1913,Hartys Plains
1914,Harwood
1915,Hassall Grove
1916,Hassans Walls
1917,Hastings Point
1918,Hat Head
1919,Hatfield
1920,Havilah
1921,Hawkesbury Heights
1922,Hawks Nest
1923,Hay
1924,Hay South
1925,Hayes Gap
1926,Haymarket
1927,Haystack
1928,Hayters Hill
1929,Haywards Bay
1930,Hazelbrook
1931,Hazelgrove
1932,Heathcote
1933,Heatherbrae
1934,Hebden
1935,Hebersham
1936,Heckenberg
1937,Heddon Greta
1938,Heifer Station
1939,Helensburgh
1940,Henley
1941,Henty
1942,Hereford Hall
1943,Hermidale
1944,Hermitage Flat
1945,Hernani
1946,Herons Creek
1947,Hexham
1948,Hickeys Creek
1949,High Range
1950,Higher Macdonald
1951,Highfields
1952,Hill End
1953,Hill Top
1954,Hill Top
1955,Hilldale
1956,Hillgrove
1957,Hillgrove
1958,Hillsborough
1959,Hillsborough
1960,Hillsdale
1961,Hillston
1962,Hillville
1963,Hillvue
1964,Hinchinbrook
1965,Hinton
1966,Hobartville
1967,Hobbys Yards
1968,Hogarth Range
1969,Holbrook
1970,Holgate
1971,Hollisdale
1972,Hollydeen
1973,Holmesville
1974,Holroyd
1975,Holsworthy
1976,Holts Flat
1977,Home Rule
1978,Homebush
1979,Homebush West
1980,Homeleigh
1981,Honeybugle
1982,Hopefield
1983,Hopkins Creek
1984,Horningsea Park
1985,Hornsby
1986,Hornsby Heights
1987,Horse Station Creek
1988,Horseshoe Bend
1989,Horseshoe Creek
1990,Horsfield Bay
1991,Horsley
1992,Horsley Park
1993,Hoskinstown
1994,Hovells Creek
1995,Howards Grass
1996,Howell
1997,Howes Valley
1998,Howick
1999,Howlong
2000,Hoxton Park
2001,Humula
2002,Hungerford
2003,Hunters Hill
2004,Hunterview
2005,Huntingdon
2006,Huntingwood
2007,Huntley
2008,Huntley
2009,Huntleys Cove
2010,Huntleys Point
2011,Huonbrook
2012,Hurlstone Park
2013,Hurstville
2014,Hurstville Grove
2015,Huskisson
2016,Hyams Beach
2017,Hydes Creek
2018,Hyland Park
2019,Hyndmans Creek
2020,Ilarwill
2021,Ilford
2022,Illabo
2023,Illaroo
2024,Illawong
2025,Iluka
2026,Indi
2027,Ingebirah
2028,Ingeegoodbee
2029,Ingleburn
2030,Ingleside
2031,Innes View
2032,Inverell
2033,Invergordon
2034,Invergowrie
2035,Iron Pot Creek
2036,Ironbark
2037,Ironmungy
2038,Irvington
2039,Irymple
2040,Isabella
2041,Islington
2042,Ivanhoe
2043,Jackadgery
2044,Jacks Creek
2045,Jacksons Flat
2046,Jacky Bulbin Flat
2047,Jacobs River
2048,Jagumba
2049,Jagungal Wilderness
2050,Jamberoo
2051,James Creek
2052,Jamisontown
2053,Jannali
2054,Jaspers Brush
2055,Jaunter
2056,Jeir
2057,Jellat Jellat
2058,Jemalong
2059,Jembaicumbene
2060,Jennings
2061,Jenolan
2062,Jeogla
2063,Jerangle
2064,Jeremadra
2065,Jeremy
2066,Jerilderie
2067,Jerrabattgulla
2068,Jerrabomberra
2069,Jerrara
2070,Jerrawa
2071,Jerrawangala
2072,Jerrong
2073,Jerrys Plains
2074,Jerseyville
2075,Jervis Bay
2076,Jesmond
2077,Jewells
2078,Jews Lagoon
2079,Jibbon
2080,Jiggi
2081,Jilliby
2082,Jimenbuen
2083,Jincumbilly
2084,Jindabyne
2085,Jinden
2086,Jindera
2087,Jingellic
2088,Jingera
2089,Joadja
2090,Joes Box
2091,Johns River
2092,Jolly Nose
2093,Jones Bridge
2094,Jones Island
2095,Jooriland
2096,Jordan Springs
2097,Judds Creek
2098,Jugiong
2099,Junction Hill
2100,Junee
2101,Junee Reefs
2102,Kahibah
2103,Kains Flat
2104,Kalang
2105,Kalaru
2106,Kalkite
2107,Kamarah
2108,Kameruka
2109,Kanahooka
2110,Kanangra
2111,Kandos
2112,Kangaloon
2113,Kangaroo Creek
2114,Kangaroo Point
2115,Kangaroo Valley
2116,Kangaroobie
2117,Kangiara
2118,Kangy Angy
2119,Kanimbla
2120,Kanoona
2121,Kanwal
2122,Kapooka
2123,Kaputar
2124,Karaak Flat
2125,Karabar
2126,Karangi
2127,Kareela
2128,Kariong
2129,Kars Springs
2130,Karuah
2131,Katoomba
2132,Kayuga
2133,Kearns
2134,Kearsley
2135,Kedumba
2136,Keepit
2137,Keera
2138,Keerrong
2139,Keinbah
2140,Keiraville
2141,Keith Hall
2142,Kelgoola
2143,Kellys Plains
2144,Kellyville
2145,Kellyville Ridge
2146,Kelso
2147,Kelvin
2148,Kembla Grange
2149,Kembla Heights
2150,Kemps Creek
2151,Kempsey
2152,Kendall
2153,Kenebri
2154,Kennaicle Creek
2155,Kensington
2156,Kenthurst
2157,Kentlyn
2158,Kentucky
2159,Kentucky South
2160,Kerewong
2161,Keri Keri
2162,Kerrabee
2163,Kerrigundi
2164,Kerrs Creek
2165,Kew
2166,Keybarbin
2167,Khancoban
2168,Khatambuhl
2169,Kia Ora
2170,Kiacatoo
2171,Kiah
2172,Kiama
2173,Kiama Downs
2174,Kiama Heights
2175,Kiandra
2176,Kianga
2177,Kiar
2178,Kickabil
2179,Kielvale
2180,Kikiamah
2181,Kikoira
2182,Kilaben Bay
2183,Kilgin
2184,Kilgra
2185,Killabakh
2186,Killara
2187,Killarney Heights
2188,Killarney Vale
2189,Killawarra
2190,Killcare
2191,Killcare Heights
2192,Killiekrankie
2193,Killimicat
2194,Killingworth
2195,Killongbutta
2196,Kimbriki
2197,Kinchela
2198,Kincumber
2199,Kincumber South
2200,Kindee
2201,Kindervale
2202,King Creek
2203,Kingfisher Shores
2204,Kinghorne
2205,Kings Forest
2206,Kings Hill
2207,Kings Langley
2208,Kings Park
2209,Kings Plains
2210,Kings Plains
2211,Kings Point
2212,Kingscliff
2213,Kingsdale
2214,Kingsford
2215,Kingsgate
2216,Kingsgrove
2217,Kingsland
2218,Kingstown
2219,Kingsvale
2220,Kingswood
2221,Kingswood
2222,Kingswood
2223,Kinvara
2224,Kioloa
2225,Kiora
2226,Kippara
2227,Kippaxs
2228,Kippenduff
2229,Kirkconnell
2230,Kirkham
2231,Kirrawee
2232,Kirribilli
2233,Kitchener
2234,Kiwarrak
2235,Klori
2236,Knights Hill
2237,Knockrow
2238,Knorrit Flat
2239,Knorrit Forest
2240,Kogarah
2241,Kogarah Bay
2242,Kooba
2243,Kookabookra
2244,Koolewong
2245,Koolkhan
2246,Koonawarra
2247,Koonorigan
2248,Koonyum Range
2249,Kooragang
2250,Koorainghat
2251,Koorawatha
2252,Kooringal
2253,Kootingal
2254,Koraleigh
2255,Koreelah
2256,Korora
2257,Kosciuszko
2258,Kotara
2259,Kotara South
2260,Kowmung
2261,Krambach
2262,Krawarree
2263,Kremnos
2264,Ku-ring-gai Chase
2265,Kulnura
2266,Kulwin
2267,Kunama
2268,Kundabung
2269,Kundibakh
2270,Kundle Kundle
2271,Kungala
2272,Kunghur
2273,Kunghur Creek
2274,Kurmond
2275,Kurnell
2276,Kurraba Point
2277,Kurrajong
2278,Kurrajong Heights
2279,Kurrajong Hills
2280,Kurri Kurri
2281,Kyalite
2282,Kyarran
2283,Kybeyan
2284,Kyeamba
2285,Kyeemagh
2286,Kyle Bay
2287,Kynnumboon
2288,Kyogle
2289,La Perouse
2290,Lacmalac
2291,Lade Vale
2292,Ladysmith
2293,Laffing Waters
2294,Laggan
2295,Lagoon Grass
2296,Laguna
2297,Lake Albert
2298,Lake Bathurst
2299,Lake Brewster
2300,Lake Burrendong
2301,Lake Cargelligo
2302,Lake Cathie
2303,Lake Conjola
2304,Lake Cowal
2305,Lake George
2306,Lake Haven
2307,Lake Heights
2308,Lake Hiawatha
2309,Lake Hume Village
2310,Lake Illawarra
2311,Lake Innes
2312,Lake Macquarie
2313,Lake Munmorah
2314,Lake Tabourie
2315,Lake Wyangan
2316,Lakelands
2317,Lakemba
2318,Lakesland
2319,Lakewood
2320,Lalalty
2321,Lalor Park
2322,Lambs Valley
2323,Lambs Valley
2324,Lambton
2325,Landervale
2326,Lane Cove
2327,Lane Cove North
2328,Lane Cove West
2329,Langley Vale
2330,Lanitza
2331,Lankeys Creek
2332,Lansdowne
2333,Lansdowne
2334,Lansdowne Forest
2335,Lansvale
2336,Lapstone
2337,Larbert
2338,Largs
2339,Larnook
2340,Larras Lee
2341,Laughtondale
2342,Laurel Hill
2343,Laurieton
2344,Lavadia
2345,Lavender Bay
2346,Laverstock
2347,Lavington
2348,Lawrence
2349,Lawson
2350,Leadville
2351,Leconfield
2352,Lee Creek
2353,Leeton
2354,Leets Vale
2355,Leeville
2356,Legume
2357,Leichhardt
2358,Lemington
2359,Lemon Tree
2360,Lemon Tree Passage
2361,Len Waters Estate
2362,Lenaghan
2363,Lennox Head
2364,Leonay
2365,Leppington
2366,Lerida
2367,Lethbridge Park
2368,Leumeah
2369,Leura
2370,Levenstrath
2371,Lewinsbrook
2372,Lewis Ponds
2373,Lewisham
2374,Leycester
2375,Liberty Grove
2376,Lidcombe
2377,Liddell
2378,Lidsdale
2379,Lidster
2380,Lightning Ridge
2381,Lilli Pilli
2382,Lilli Pilli
2383,Lillian Rock
2384,Lilydale
2385,Lilyfield
2386,Lilyvale
2387,Limbri
2388,Limeburners Creek
2389,Limeburners Creek
2390,Limekilns
2391,Limerick
2392,Limestone
2393,Limpinwood
2394,Linburn
2395,Linden
2396,Lindendale
2397,Lindesay
2398,Lindesay Creek
2399,Lindfield
2400,Lindifferon
2401,Linley Point
2402,Lionsville
2403,Lisarow
2404,Lismore
2405,Lismore Heights
2406,Liston
2407,Lithgow
2408,Little Back Creek
2409,Little Bay
2410,Little Billabong
2411,Little Forest
2412,Little Hartley
2413,Little Jacks Creek
2414,Little Jilliby
2415,Little Pelican
2416,Little Plain
2417,Little River
2418,Little Topar
2419,Little Wobby
2420,Littleton
2421,Liverpool
2422,Llanarth
2423,Llandilo
2424,Llangothlin
2425,Lloyd
2426,Loadstone
2427,Lochiel
2428,Lochinvar
2429,Lockhart
2430,Locksley
2431,Loftus
2432,Loftville
2433,Logans Crossing
2434,Logie Brae
2435,Londonderry
2436,Long Beach
2437,Long Flat
2438,Long Jetty
2439,Long Plain
2440,Long Plain
2441,Long Point
2442,Long Point
2443,Longarm
2444,Longreach
2445,Longueville
2446,Loomberah
2447,Lord Howe Island
2448,Lords Hill
2449,Lorn
2450,Lorne
2451,Lost River
2452,Lostock
2453,Louisa Creek
2454,Louth
2455,Louth Park
2456,Lovedale
2457,Lovett Bay
2458,Lovett Bay
2459,Lowanna
2460,Lower Acacia Creek
2461,Lower Bago
2462,Lower Belford
2463,Lower Boro
2464,Lower Bottle Creek
2465,Lower Creek
2466,Lower Duck Creek
2467,Lower Dyraaba
2468,Lower Lewis Ponds
2469,Lower Macdonald
2470,Lower Mangrove
2471,Lower Pappinbarra
2472,Lower Peacock
2473,Lower Portland
2474,Lower Southgate
2475,Lowesdale
2476,Lowther
2477,Loxford
2478,Lucas Heights
2479,Lucknow
2480,Luddenham
2481,Lue
2482,Lugarno
2483,Lurnea
2484,Luskintyre
2485,Lynchs Creek
2486,Lyndhurst
2487,Lyndhurst
2488,Lynwood
2489,Mabins Well
2490,MacDonalds Creek
2491,MacMasters Beach
2492,Macksville
2493,Maclean
2494,Macquarie Fields
2495,Macquarie Hills
2496,Macquarie Links
2497,Macquarie Marshes
2498,Macquarie Park
2499,Macquarie Pass
2500,Maddens Plains
2501,Maffra
2502,Magenta
2503,Magometon
2504,Maianbar
2505,Maimuru
2506,Main Arm
2507,Main Creek
2508,Mairjimmy
2509,Maison Dieu
2510,Maitland
2511,Maitland Bar
2512,Maitland Vale
2513,Majors Creek
2514,Malabar
2515,Malabugilmah
2516,Maldon
2517,Mallabula
2518,Mallan
2519,Mallanganee
2520,Mallee
2521,Mallowa
2522,Maloneys Beach
2523,Malua Bay
2524,Manar
2525,Manchester Square
2526,Mandagery
2527,Mandalong
2528,Mandemar
2529,Mandurama
2530,Mangerton
2531,Mangoola
2532,Mangoplah
2533,Mangrove Creek
2534,Mangrove Mountain
2535,Manildra
2536,Manilla
2537,Manly
2538,Manly Vale
2539,Mannering Park
2540,Manning Point
2541,Mannus
2542,Manobalai
2543,Manton
2544,Manyana
2545,Maragle
2546,Maraylya
2547,Marayong
2548,March
2549,Marchmont
2550,Mardi
2551,Marengo
2552,Mares Run
2553,Marinna
2554,Marks Point
2555,Markwell
2556,Marlee
2557,Marley
2558,Marlo Merrican
2559,Marlow
2560,Marlowe
2561,Marmong Point
2562,Marom Creek
2563,Maroota
2564,Maroubra
2565,Marrangaroo
2566,Marrar
2567,Marrickville
2568,Marsden Park
2569,Marsfield
2570,Marshall Mount
2571,Marshdale
2572,Marthaguy
2573,Martindale
2574,Martins Creek
2575,Martinsville
2576,Marulan
2577,Maryland
2578,Maryland
2579,Marys Mount
2580,Maryvale
2581,Maryville
2582,Mascot
2583,Matcham
2584,Matheson
2585,Mathoura
2586,Matong
2587,Matraville
2588,Maude
2589,Maules Creek
2590,Maxwell
2591,Maybole
2592,Mayers Flat
2593,Mayfield
2594,Mayfield
2595,Mayfield
2596,Mayfield
2597,Mayfield East
2598,Mayfield North
2599,Mayfield West
2600,Mayrung
2601,Mays Hill
2602,Mayvale
2603,McCarrs Creek
2604,McCullys Gap
2605,McDougalls Hill
2606,McGraths Hill
2607,McKees Hill
2608,McKellars Park
2609,McLeans Ridges
2610,McLeods Shoot
2611,McMahons Point
2612,McMahons Reef
2613,Meadow Flat
2614,Meadowbank
2615,Mebbin
2616,Mebul
2617,Medlow Bath
2618,Medlow Bath
2619,Medowie
2620,Medway
2621,Meerschaum Vale
2622,Megalong Valley
2623,Megalong Valley
2624,Megan
2625,Melbergen
2626,Melinga
2627,Mellong
2628,Mellool
2629,Melonba
2630,Melrose Park
2631,Melville
2632,Memagong
2633,Menah
2634,Menai
2635,Menangle
2636,Menangle Park
2637,Mendooran
2638,Menindee
2639,Merah North
2640,Merewether
2641,Merewether Heights
2642,Merimbula
2643,Meringo
2644,Mernot
2645,Meroo
2646,Meroo Meadow
2647,Merotherie
2648,Merriangaah
2649,Merricumbene
2650,Merrigal
2651,Merrill
2652,Merriwa
2653,Merriwagga
2654,Merrygoen
2655,Merrylands
2656,Merrylands West
2657,Merungle Hill
2658,Meryla
2659,Metford
2660,Methul
2661,Metz
2662,Miamley
2663,Miandetta
2664,Micalo Island
2665,Michelago
2666,Middle Arm
2667,Middle Brook
2668,Middle Brother
2669,Middle Cove
2670,Middle Dural
2671,Middle Falbrook
2672,Middle Flat
2673,Middle Harbour
2674,Middle Pocket
2675,Middleton Grange
2676,Middlingbank
2677,Midginbil
2678,Mihi
2679,Mila
2680,Milbrodale
2681,Milbrulong
2682,Milkers Flat
2683,Millah Murrah
2684,Millbank
2685,Miller
2686,Millers Forest
2687,Millers Point
2688,Millfield
2689,Millie
2690,Millingandi
2691,Millthorpe
2692,Milparinka
2693,Milperra
2694,Milroy
2695,Milroy
2696,Milsons Passage
2697,Milsons Point
2698,Milton
2699,Milvale
2700,Mimosa
2701,Minchinbury
2702,Mindaribba
2703,Mingoola
2704,Minimbah
2705,Minjary
2706,Minmi
2707,Minnamurra
2708,Minnie Water
2709,Minore
2710,Minto
2711,Minto Heights
2712,Mirador
2713,Miranda
2714,Mirannie
2715,Mirrabooka
2716,Mirrool
2717,Missabotti
2718,Mitchell
2719,Mitchells Flat
2720,Mitchells Island
2721,Mittagong
2722,Moama
2723,Modanville
2724,Mogareeka
2725,Mogendoura
2726,Moggs Swamp
2727,Mogilla
2728,Mogo
2729,Mogo
2730,Mogo Creek
2731,Mogood
2732,Mograni
2733,Mogriguy
2734,Mole River
2735,Moleville Creek
2736,Mollyan
2737,Mollymook
2738,Mollymook Beach
2739,Molong
2740,Mona Vale
2741,Monak
2742,Monaltrie
2743,Mondayong
2744,Mondrook
2745,Monga
2746,Mongarlowe
2747,Mongogarie
2748,Monia Gap
2749,Monivae
2750,Monkerai
2751,Monteagle
2752,Montecollum
2753,Montefiores
2754,Monterey
2755,Mooball
2756,Moobi
2757,Moogem
2758,Mookerawa
2759,Mookima Wybra
2760,Moolarben
2761,Moollattoo
2762,Moolpa
2763,Moombooldool
2764,Moonan Brook
2765,Moonan Flat
2766,Moonbah
2767,Moonbi
2768,Moonbria
2769,Mooneba
2770,Moonee
2771,Moonee Beach
2772,Mooney Mooney
2773,Mooney Mooney Creek
2774,Moonpar
2775,Mooral Creek
2776,Moorara
2777,Moorbel
2778,Moore Creek
2779,Moore Park
2780,Moorebank
2781,Moorilda
2782,Moorland
2783,Moorong
2784,Moorwatha
2785,Moparrabah
2786,Moppy
2787,Morago
2788,Morangarell
2789,Morans Crossing
2790,Moree
2791,Morisset
2792,Morisset Park
2793,Morning Bay
2794,Mororo
2795,Morpeth
2796,Mortdale
2797,Mortlake
2798,Morton
2799,Mortons Creek
2800,Morts Estate
2801,Morundah
2802,Moruya
2803,Moruya Heads
2804,Morven
2805,Morven
2806,Mosman
2807,Moss Vale
2808,Mossgiel
2809,Mossy Point
2810,Moto
2811,Moulamein
2812,Mount Adrah
2813,Mount Annan
2814,Mount Aquila
2815,Mount Arthur
2816,Mount Austin
2817,Mount Burrell
2818,Mount Colah
2819,Mount Collins
2820,Mount Cooper
2821,Mount Darragh
2822,Mount David
2823,Mount Dee
2824,Mount Druitt
2825,Mount Elliot
2826,Mount Fairy
2827,Mount Foster
2828,Mount Frome
2829,Mount George
2830,Mount Harris
2831,Mount Hope
2832,Mount Horeb
2833,Mount Hunter
2834,Mount Hutton
2835,Mount Irvine
2836,Mount Keira
2837,Mount Kembla
2838,Mount Kingiman
2839,Mount Knowles
2840,Mount Kuring-gai
2841,Mount Lambie
2842,Mount Lewis
2843,Mount Lindsey
2844,Mount Marsden
2845,Mount Marsh
2846,Mount Mitchell
2847,Mount Murray
2848,Mount Olive
2849,Mount Olive
2850,Mount Ousley
2851,Mount Panorama
2852,Mount Pleasant
2853,Mount Pritchard
2854,Mount Rankin
2855,Mount Rivers
2856,Mount Riverview
2857,Mount Royal
2858,Mount Russell
2859,Mount Saint Thomas
2860,Mount Seaview
2861,Mount Tenandra
2862,Mount Thorley
2863,Mount Tomah
2864,Mount Vernon
2865,Mount Victoria
2866,Mount View
2867,Mount Vincent
2868,Mount Warning
2869,Mount Warrigal
2870,Mount Werong
2871,Mount White
2872,Mount Wilson
2873,Mountain Creek
2874,Mountain Lagoon
2875,Mountain Top
2876,Mountain View
2877,Mourquong
2878,Mowbray Park
2879,Mozart
2880,Mudgee
2881,Mulbring
2882,Mulgoa
2883,Mulgrave
2884,Mulguthrie
2885,Muli Muli
2886,Mulla
2887,Mulla Creek
2888,Mullaley
2889,Mullamuddy
2890,Mullaway
2891,Mullengandra
2892,Mullengudgery
2893,Mullion
2894,Mullion Creek
2895,Mulloon
2896,Mullumbimby
2897,Mullumbimby Creek
2898,Mulwala
2899,Mulyandry
2900,Mumbil
2901,Mumblebone Plain
2902,Mumbulla Mountain
2903,Mummel
2904,Mummulgum
2905,Mundamia
2906,Mundarlo
2907,Munderoo
2908,Mundongo
2909,Mungay Creek
2910,Munghorn
2911,Mungindi
2912,Mungo
2913,Mungo Brush
2914,Munni
2915,Munyabla
2916,Munyang
2917,Murga
2918,Murrah
2919,Murrami
2920,Murrawombie
2921,Murray Downs
2922,Murray Gorge
2923,Murrays Beach
2924,Murrays Run
2925,Murrengenburg
2926,Murrin Bridge
2927,Murringo
2928,Murrulebale
2929,Murrumbateman
2930,Murrumbo
2931,Murrumbucca
2932,Murrumburrah
2933,Murrurundi
2934,Murulla
2935,Murwillumbah
2936,Muscle Creek
2937,Muswellbrook
2938,Mutawintji
2939,Muttama
2940,Myall Creek
2941,Myall Lake
2942,Myall Park
2943,Myalla
2944,Mylestom
2945,Mylneford
2946,Myocum
2947,Myola
2948,Myrtle Creek
2949,Myrtle Mountain
2950,Myrtle Park
2951,Myrtleville
2952,Mystery Bay
2953,Myuna Bay
2954,Nabiac
2955,Nadgee
2956,Nambucca Heads
2957,Namoi River
2958,Nana Glen
2959,Nangus
2960,Nanima
2961,Napoleon Reef
2962,Naradhan
2963,Narara
2964,Narellan
2965,Narellan Vale
2966,Naremburn
2967,Narooma
2968,Narrabarba
2969,Narrabeen
2970,Narrabri
2971,Narraburra
2972,Narran Lake
2973,Narrandera
2974,Narrangullen
2975,Narrawa
2976,Narrawallee
2977,Narraweena
2978,Narromine
2979,Narwee
2980,Nashdale
2981,Nashua
2982,Nattai
2983,Naughtons Gap
2984,Neath
2985,Nebea
2986,Neilrex
2987,Nelligen
2988,Nelson
2989,Nelson
2990,Nelson Bay
2991,Nelsons Plains
2992,Nelungaloo
2993,Nemingha
2994,Nericon
2995,Neringla
2996,Nerong
2997,Nerriga
2998,Nerrigundah
2999,Nethercote
3000,Neurea
3001,Neutral Bay
3002,Never Never
3003,Nevertire
3004,Neville
3005,New Berrima
3006,New Brighton
3007,New Buildings
3008,New Italy
3009,New Lambton
3010,New Lambton Heights
3011,New Mexico
3012,New Park
3013,New Valley
3014,Newbold
3015,Newbridge
3016,Newcastle
3017,Newcastle East
3018,Newcastle West
3019,Newee Creek
3020,Newington
3021,Newnes
3022,Newnes Plateau
3023,Newport
3024,Newrybar
3025,Newstead
3026,Newton Boyd
3027,Newtown
3028,Ngarigo
3029,Niagara Park
3030,Niangala
3031,Niemur
3032,Nightcap
3033,Nimbin
3034,Nimmitabel
3035,Nimmo
3036,Nirimba Fields
3037,Nobbys Creek
3038,Nombi
3039,Noona
3040,Noorong
3041,Nooroo
3042,Norah Head
3043,Noraville
3044,Nords Wharf
3045,Normanhurst
3046,North Albury
3047,North Arm
3048,North Arm Cove
3049,North Avoca
3050,North Balgowlah
3051,North Batemans Bay
3052,North Boambee Valley
3053,North Bondi
3054,North Bourke
3055,North Brother
3056,North Casino
3057,North Curl Curl
3058,North Dorrigo
3059,North Epping
3060,North Gosford
3061,North Harbour
3062,North Haven
3063,North Kellyville
3064,North Lambton
3065,North Lismore
3066,North Macksville
3067,North Manly
3068,North Narooma
3069,North Narrabeen
3070,North Nowra
3071,North Parramatta
3072,North Richmond
3073,North Rocks
3074,North Rothbury
3075,North Ryde
3076,North Shore
3077,North St Marys
3078,North Star
3079,North Strathfield
3080,North Sydney
3081,North Tamworth
3082,North Tumbulgum
3083,North Turramurra
3084,North Wagga Wagga
3085,North Wahroonga
3086,North Willoughby
3087,North Wollongong
3088,North Woodburn
3089,North Yalgogrin
3090,North Yeoval
3091,Northangera
3092,Northbridge
3093,Northmead
3094,Northwood
3095,Norway
3096,Norwest
3097,Nowendoc
3098,Nowley
3099,Nowra
3100,Nowra Hill
3101,Nubba
3102,Nulkaba
3103,Nullamanna
3104,Nullica
3105,Nullo Mountain
3106,Numbaa
3107,Number One
3108,Numbla Vale
3109,Numbugga
3110,Numeralla
3111,Numinbah
3112,Numulgi
3113,Nunderi
3114,Nundle
3115,Nungar
3116,Nungatta
3117,Nungatta South
3118,Nurenmerenmong
3119,Nymagee
3120,Nymboida
3121,Nyngan
3122,Nyora
3123,Nyrang Creek
3124,O'Connell
3125,Oak Flats
3126,Oakdale
3127,Oakey Park
3128,Oakhampton
3129,Oakhampton Heights
3130,Oakhurst
3131,Oaklands
3132,Oakville
3133,Oakwood
3134,Oallen
3135,Oatlands
3136,Oatley
3137,Oban
3138,Obanvale
3139,Oberne Creek
3140,Oberon
3141,Obley
3142,Ocean Shores
3143,Ogunbil
3144,Old Adaminaby
3145,Old Bar
3146,Old Bonalbo
3147,Old Erowal Bay
3148,Old Grevillia
3149,Old Guildford
3150,Old Junee
3151,Old Mill
3152,Old Station
3153,Old Toongabbie
3154,Olinda
3155,Olney
3156,Omadale
3157,One Mile
3158,One Tree
3159,Oolong
3160,Ooma
3161,Ootha
3162,Ophir
3163,Oran Park
3164,Orange
3165,Orange Grove
3166,Orangeville
3167,Orchard Hills
3168,Orient Point
3169,Orton Park
3170,Osborne
3171,Osterley
3172,Oswald
3173,Otford
3174,Oura
3175,Ourimbah
3176,Ournie
3177,Owens Gap
3178,Oxford Falls
3179,Oxley
3180,Oxley
3181,Oxley Island
3182,Oxley Park
3183,Oxley Vale
3184,Oyster Bay
3185,Oyster Cove
3186,Packsaddle
3187,Paddington
3188,Paddys Flat
3189,Paddys Flat
3190,Paddys River
3191,Paddys River
3192,Padstow
3193,Padstow Heights
3194,Pagans Flat
3195,Pages Creek
3196,Pages River
3197,Pagewood
3198,Palarang
3199,Palerang
3200,Paling Yards
3201,Paling Yards
3202,Pallal
3203,Pallamallawa
3204,Palm Beach
3205,Palm Grove
3206,Palmdale
3207,Palmers Channel
3208,Palmers Island
3209,Palmers Oaky
3210,Palmvale
3211,Palmwoods
3212,Palona
3213,Pambula
3214,Pambula Beach
3215,Pampoolah
3216,Pan Ban
3217,Panania
3218,Pangee
3219,Panuara
3220,Pappinbarra
3221,Para
3222,Paradise
3223,Paringi
3224,Parkes
3225,Parkesbourne
3226,Parklea
3227,Parkville
3228,Parma
3229,Parramatta
3230,Parraweena
3231,Patchs Beach
3232,Paterson
3233,Patonga
3234,Paupong
3235,Paxton
3236,Paynes Crossing
3237,Paytens Bridge
3238,Peacock Creek
3239,Peak Hill
3240,Peak View
3241,Peakhurst
3242,Peakhurst Heights
3243,Pearces Creek
3244,Pearl Beach
3245,Peats Ridge
3246,Pebbly Beach
3247,Peel
3248,Peelwood
3249,Pejar
3250,Pelaw Main
3251,Pelican
3252,Pelton
3253,Pembrooke
3254,Pemulwuy
3255,Pendle Hill
3256,Pennant Hills
3257,Penrith
3258,Penrose
3259,Penshurst
3260,Pericoe
3261,Perisher Valley
3262,Perrys Crossing
3263,Perthville
3264,Petersham
3265,Pheasants Nest
3266,Phegans Bay
3267,Phillip Bay
3268,Phoenix Park
3269,Piallamore
3270,Piallaway
3271,Piambong
3272,Picketts Valley
3273,Picnic Point
3274,Picton
3275,Pigeonbah
3276,Piggabeen
3277,Pikapene
3278,Pillar Valley
3279,Pilliga
3280,Pilot Wilderness
3281,Pimlico
3282,Pimlico Island
3283,Pinbeyan
3284,Pindaroi
3285,Pindimar
3286,Pine Camp
3287,Pine Clump
3288,Pine Grove
3289,Pine Lodge
3290,Pine Ridge
3291,Pine Valley
3292,Piney Range
3293,Pinkett
3294,Pinnacle
3295,Pinnacle Swamp
3296,Pinny Beach
3297,Piora
3298,Pipeclay
3299,Pitnacree
3300,Pitt Town
3301,Pitt Town Bottoms
3302,Pittwater
3303,Pleasant Hills
3304,Pleasure Point
3305,Plumpton
3306,Point Clare
3307,Point Frederick
3308,Point Piper
3309,Point Wolstoncroft
3310,Pointer Mountain
3311,Pokolbin
3312,Pola Creek
3313,Polo Flat
3314,Pomeroy
3315,Pomona
3316,Ponto
3317,Pooncarie
3318,Port Botany
3319,Port Hacking
3320,Port Kembla
3321,Port Macquarie
3322,Port Stephens
3323,Porters Creek
3324,Porters Retreat
3325,Portland
3326,Possum Brush
3327,Possum Creek
3328,Potato Point
3329,Pottery Estate
3330,Potts Hill
3331,Potts Point
3332,Pottsville
3333,Prairiewood
3334,Premer
3335,Prestons
3336,Pretty Beach
3337,Pretty Beach
3338,Pretty Pine
3339,Primbee
3340,Primrose Valley
3341,Prospect
3342,Providence Portal
3343,Pucawan
3344,Puddledock
3345,Pulganbar
3346,Pullabooka
3347,Pulletop
3348,Pumpenbil
3349,Punchbowl
3350,Punchbowl
3351,Purfleet
3352,Purlewaugh
3353,Putney
3354,Putta Bucca
3355,Putty
3356,Pyangle
3357,Pymble
3358,Pyramul
3359,Pyree
3360,Pyrmont
3361,Quaama
3362,Quakers Hill
3363,Quambone
3364,Quanda
3365,Quandary
3366,Quandialla
3367,Queanbeyan
3368,Queanbeyan East
3369,Queanbeyan West
3370,Queens Park
3371,Queens Pinch
3372,Queenscliff
3373,Quialigo
3374,Quidong
3375,Quiera
3376,Quipolly
3377,Quirindi
3378,Quorrobolong
3379,Raby
3380,Raglan
3381,Rainbow Flat
3382,Rainbow Reach
3383,Raleigh
3384,Ramornie
3385,Ramsgate
3386,Ramsgate Beach
3387,Rand
3388,Randwick
3389,Rangari
3390,Rangers Valley
3391,Rankin Park
3392,Rankins Springs
3393,Rannock
3394,Rappville
3395,Rathmines
3396,Ravensdale
3397,Ravenswood
3398,Ravensworth
3399,Rawdon Island
3400,Rawdon Vale
3401,Raworth
3402,Rawsonville
3403,Raymond Terrace
3404,Razorback
3405,Red Head
3406,Red Hill
3407,Red Hill
3408,Red Hill
3409,Red Range
3410,Red Rock
3411,Red Rocks
3412,Redbank
3413,Redbournberry
3414,Reddestone
3415,Redfern
3416,Redhead
3417,Redlands
3418,Reedy Creek
3419,Reedy Swamp
3420,Reefton
3421,Regents Park
3422,Regentville
3423,Reids Flat
3424,Reidsdale
3425,Rennie
3426,Reno
3427,Renwick
3428,Repentance Creek
3429,Repton
3430,Reserve Creek
3431,Retreat
3432,Revesby
3433,Revesby Heights
3434,Rhine Falls
3435,Rhodes
3436,Richards
3437,Richlands
3438,Richmond
3439,Richmond Hill
3440,Richmond Lowlands
3441,Richmond Vale
3442,Rileys Hill
3443,Ringwood
3444,Riverlea
3445,Riverside
3446,Riverstone
3447,Rivertree
3448,Riverview
3449,Riverwood
3450,Rixs Creek
3451,Rob Roy
3452,Robertson
3453,Robin Hill
3454,Rock Flat
3455,Rock Forest
3456,Rock Valley
3457,Rockdale
3458,Rockley
3459,Rockley Mount
3460,Rockton
3461,Rocky Creek
3462,Rocky Creek
3463,Rocky Glen
3464,Rocky Hall
3465,Rocky Plain
3466,Rocky Point
3467,Rocky River
3468,Rocky River
3469,Rodd Point
3470,Rollands Plains
3471,Rookhurst
3472,Rookwood
3473,Rooty Hill
3474,Ropes Crossing
3475,Rose Bay
3476,Rose Valley
3477,Rose Valley
3478,Rosebank
3479,Roseberg
3480,Roseberry
3481,Roseberry Creek
3482,Rosebery
3483,Rosebrook
3484,Rosedale
3485,Rosehill
3486,Roselands
3487,Rosemeadow
3488,Rosemeath
3489,Roseville
3490,Roseville Chase
3491,Rosewood
3492,Rosewood
3493,Roslyn
3494,Rossglen
3495,Rossgole
3496,Rossi
3497,Rossmore
3498,Rothbury
3499,Roto
3500,Rouchel
3501,Rouchel Brook
3502,Roughit
3503,Round Mountain
3504,Round Swamp
3505,Rous
3506,Rous Mill
3507,Rouse Hill
3508,Rowan
3509,Rowena
3510,Rowlands Creek
3511,Royalla
3512,Rozelle
3513,Ruby Creek
3514,Rufus
3515,Rugby
3516,Rukenvale
3517,Run-O-Waters
3518,Running Stream
3519,Runnyford
3520,Ruse
3521,Rushcutters Bay
3522,Rushes Creek
3523,Rushforth
3524,Russell Lea
3525,Russell Vale
3526,Rutherford
3527,Ruthven
3528,Ryan
3529,Rydal
3530,Rydalmere
3531,Ryde
3532,Rye Park
3533,Ryhope
3534,Rylstone
3535,Sackville
3536,Sackville North
3537,Saddleback Mountain
3538,Sadleir
3539,Safety Beach
3540,Salamander Bay
3541,Salisbury
3542,Salisbury Plains
3543,Sallys Flat
3544,Salt Ash
3545,Saltwater
3546,San Isidore
3547,San Remo
3548,Sancrox
3549,Sanctuary Point
3550,Sandbar
3551,Sandgate
3552,Sandigo
3553,Sandilands
3554,Sandon
3555,Sandringham
3556,Sandy Beach
3557,Sandy Creek
3558,Sandy Creek
3559,Sandy Crossing
3560,Sandy Flat
3561,Sandy Gully
3562,Sandy Hill
3563,Sandy Hollow
3564,Sandy Point
3565,Sanger
3566,Sans Souci
3567,Sapphire
3568,Sapphire Beach
3569,Saratoga
3570,Sassafras
3571,Saumarez
3572,Saumarez Ponds
3573,Savernake
3574,Sawpit Creek
3575,Sawtell
3576,Sawyers Gully
3577,Scarborough
3578,Scheyville
3579,Schofields
3580,Scone
3581,Scotia
3582,Scotland Island
3583,Scotts Creek
3584,Scotts Flat
3585,Scotts Head
3586,Seaforth
3587,Seaham
3588,Seahampton
3589,Seal Rocks
3590,Sebastopol
3591,Sedgefield
3592,Seelands
3593,Sefton
3594,Segenhoe
3595,Seven Hills
3596,Seven Oaks
3597,Sextonville
3598,Shadforth
3599,Shallow Bay
3600,Shalvey
3601,Shanes Park
3602,Shannon Brook
3603,Shannon Vale
3604,Shannondale
3605,Shannons Flat
3606,Shark Creek
3607,Sharps Creek
3608,Sheedys Gully
3609,Shell Cove
3610,Shellharbour
3611,Shellharbour City Centre
3612,Shelly Beach
3613,Sherwood
3614,Sherwood
3615,Sherwood
3616,Shoal Bay
3617,Shoalhaven Heads
3618,Shooters Hill
3619,Shortland
3620,Silent Grove
3621,Silverdale
3622,Silverton
3623,Silverwater
3624,Silverwater
3625,Simpkins Creek
3626,Singleton
3627,Singleton Heights
3628,Singleton Military Area
3629,Singletons Mill
3630,Six Mile Swamp
3631,Skennars Head
3632,Skillion Flat
3633,Skinners Shoot
3634,Sleepy Hollow
3635,Smeaton Grange
3636,Smiggin Holes
3637,Smithfield
3638,Smiths Creek
3639,Smiths Creek
3640,Smiths Creek
3641,Smiths Lake
3642,Smithtown
3643,Snakes Plain
3644,Snowball
3645,Snowy Plain
3646,Sodwalls
3647,Sofala
3648,Soldiers Point
3649,Somersby
3650,Somerton
3651,South Albury
3652,South Arm
3653,South Arm
3654,South Ballina
3655,South Bathurst
3656,South Bowenfels
3657,South Coogee
3658,South Durras
3659,South Golden Beach
3660,South Grafton
3661,South Granville
3662,South Gundagai
3663,South Gundurimba
3664,South Guyra
3665,South Hurstville
3666,South Kempsey
3667,South Lismore
3668,South Littleton
3669,South Maitland
3670,South Maroota
3671,South Murwillumbah
3672,South Nowra
3673,South Pambula
3674,South Penrith
3675,South Tamworth
3676,South Turramurra
3677,South Wentworthville
3678,South West Rocks
3679,South Windsor
3680,South Wolumla
3681,Southampton
3682,Southgate
3683,Speers Point
3684,Speewa
3685,Spencer
3686,Spicers Creek
3687,Spicketts Creek
3688,Splitters Creek
3689,Spring Creek
3690,Spring Farm
3691,Spring Flat
3692,Spring Grove
3693,Spring Hill
3694,Spring Hill
3695,Spring Mountain
3696,Spring Plains
3697,Spring Ridge
3698,Spring Terrace
3699,Springdale
3700,Springdale Heights
3701,Springfield
3702,Springfield
3703,Springrange
3704,Springside
3705,Springvale
3706,Springwood
3707,St Albans
3708,St Andrews
3709,St Clair
3710,St Clair
3711,St Fillans
3712,St George
3713,St Georges Basin
3714,St Helens Park
3715,St Huberts Island
3716,St Ives
3717,St Ives Chase
3718,St Johns Park
3719,St Leonards
3720,St Marys
3721,St Peters
3722,Stanborough
3723,Stanbridge
3724,Stanford Merthyr
3725,Stanhope
3726,Stanhope Gardens
3727,Stanmore
3728,Stannifer
3729,Stannum
3730,Stanwell Park
3731,Stanwell Tops
3732,State Mine Gully
3733,Steam Plains
3734,Steeple Flat
3735,Stewarts Brook
3736,Stewarts Mount
3737,Stewarts River
3738,Stockinbingal
3739,Stockrington
3740,Stockton
3741,Stockyard Creek
3742,Stokers Siding
3743,Stonehenge
3744,Stonequarry
3745,Stony Chute
3746,Stony Creek
3747,Stony Creek
3748,Stony Crossing
3749,Stotts Creek
3750,Stratford
3751,Strathcedar
3752,Stratheden
3753,Strathfield
3754,Strathfield South
3755,Stream Hill
3756,Stroud
3757,Stroud Hill
3758,Stroud Road
3759,Stuart Town
3760,Stuarts Point
3761,Stubbo
3762,Stud Park
3763,Suffolk Park
3764,Sugarloaf
3765,Summer Hill
3766,Summer Hill
3767,Summer Hill Creek
3768,Summer Island
3769,Summerland Point
3770,Sun Valley
3771,Sunny Corner
3772,Sunset Strip
3773,Sunshine
3774,Sunshine Bay
3775,Suntop
3776,Surf Beach
3777,Surfside
3778,Surry Hills
3779,Sussex Inlet
3780,Sutherland
3781,Sutton
3782,Sutton Forest
3783,Swan Bay
3784,Swan Bay
3785,Swan Creek
3786,Swan Vale
3787,Swanbrook
3788,Swanhaven
3789,Swans Crossing
3790,Swansea
3791,Swansea Heads
3792,Sweetmans Creek
3793,Sydenham
3794,Sydney
3795,Sydney Olympic Park
3796,Sylvania
3797,Sylvania Waters
3798,Tabbil Creek
3799,Tabbimoble
3800,Tabbita
3801,Table Top
3802,Tabulam
3803,Tacoma
3804,Tacoma South
3805,Tahlee
3806,Tahmoor
3807,Talarm
3808,Talawanta
3809,Talbingo
3810,Tallawang
3811,Tallawong
3812,Tallimba
3813,Tallong
3814,Tallowal
3815,Tallowwood Ridge
3816,Tallwood
3817,Tallwoods Village
3818,Talmalmo
3819,Talofa
3820,Taloumbi
3821,Tamarama
3822,Tamban
3823,Tambar Springs
3824,Tambaroora
3825,Taminda
3826,Tamworth
3827,Tanglewood
3828,Tanilba Bay
3829,Tanja
3830,Tannas Mount
3831,Tantangara
3832,Tantawangalo
3833,Tantonan
3834,Tapitallee
3835,Tara
3836,Taradale
3837,Tarago
3838,Taralga
3839,Tarana
3840,Tarban
3841,Tarbuck Bay
3842,Tarcutta
3843,Taree
3844,Taree South
3845,Taren Point
3846,Tarlo
3847,Tarraganda
3848,Tarrawanna
3849,Tarriaro
3850,Tarro
3851,Tascott
3852,Tatham
3853,Tathra
3854,Tatton
3855,Taylors Arm
3856,Taylors Beach
3857,Taylors Flat
3858,Tea Gardens
3859,Telarah
3860,Telegraph Point
3861,Telopea
3862,Temagog
3863,Temora
3864,Tempe
3865,Ten Mile Hollow
3866,Tenambit
3867,Tenandra
3868,Tennyson
3869,Tennyson Point
3870,Tenterden
3871,Tenterfield
3872,Teralba
3873,Terania Creek
3874,Terara
3875,Teridgerie
3876,Termeil
3877,Terrabella
3878,Terrace Creek
3879,Terragon
3880,Terramungamine
3881,Terranora
3882,Terreel
3883,Terrey Hills
3884,Terrigal
3885,Terry Hie Hie
3886,Teven
3887,Tewinga
3888,Texas
3889,Thalgarrah
3890,Tharbogang
3891,The Angle
3892,The Basin
3893,The Bight
3894,The Branch
3895,The Brothers
3896,The Channon
3897,The Devils Wilderness
3898,The Entrance
3899,The Entrance North
3900,The Freshwater
3901,The Gap
3902,The Gap
3903,The Glen
3904,The Gulf
3905,The Hatch
3906,The Hill
3907,The Junction
3908,The Lagoon
3909,The Marra
3910,The Meadows
3911,The Oaks
3912,The Pilliga
3913,The Pinnacles
3914,The Pocket
3915,The Ponds
3916,The Ridgeway
3917,The Risk
3918,The Rock
3919,The Rocks
3920,The Rocks
3921,The Sandon
3922,The Slopes
3923,The Whiteman
3924,Theresa Creek
3925,Theresa Park
3926,Thirldene
3927,Thirlmere
3928,Thirroul
3929,Thora
3930,Thornleigh
3931,Thornton
3932,Thredbo
3933,Thrumster
3934,Thuddungra
3935,Thule
3936,Thumb Creek
3937,Thurgoona
3938,Thyra
3939,Tianjara
3940,Tibbuc
3941,Tibooburra
3942,Tichborne
3943,Tichular
3944,Tighes Hill
3945,Tilba Tilba
3946,Tilbuster
3947,Tilligerry Creek
3948,Tilpa
3949,Timbarra
3950,Timbillica
3951,Timbumburi
3952,Timor
3953,Tindarey
3954,Tinderry
3955,Tingha
3956,Tingira Heights
3957,Tinonee
3958,Tinpot
3959,Tintenbar
3960,Tintinhull
3961,Tiona
3962,Tipperary
3963,Tiri
3964,Tirrannaville
3965,Titaatee Creek
3966,Tocal
3967,Tocumwal
3968,Tolbar
3969,Tolland
3970,Tolwong
3971,Tomago
3972,Tomakin
3973,Tomalla
3974,Tombong
3975,Tomboye
3976,Tomerong
3977,Tomewin
3978,Tomingley
3979,Tomki
3980,Toms Creek
3981,Tonderburine
3982,Tongarra
3983,Toogong
3984,Tooleybuc
3985,Toolijooa
3986,Tooloom
3987,Tooloon
3988,Tooma
3989,Toongabbie
3990,Toongi
3991,Toonumbar
3992,Tooranie
3993,Tooraweenah
3994,Toormina
3995,Toorooka
3996,Toothdale
3997,Tootool
3998,Toowoon Bay
3999,Topi Topi
4000,Toronto
4001,Torrington
4002,Torryburn
4003,Torryburn
4004,Totnes Valley
4005,Tottenham
4006,Touga
4007,Toukley
4008,Towallum
4009,Towamba
4010,Townsend
4011,Towradgi
4012,Towrang
4013,Tralee
4014,Trangie
4015,Tregeagle
4016,Tregear
4017,Trenayr
4018,Trentham Cliffs
4019,Trewilga
4020,Triamble
4021,Triangle Flat
4022,Trundle
4023,Trungley Hall
4024,Trunkey Creek
4025,Tubbamurra
4026,Tubbul
4027,Tucabia
4028,Tucki Tucki
4029,Tuckombil
4030,Tuckurimba
4031,Tuena
4032,Tuggerah
4033,Tuggerawong
4034,Tugrabakh
4035,Tullakool
4036,Tullamore
4037,Tullarwalla
4038,Tullera
4039,Tullibigeal
4040,Tullimbar
4041,Tulloona
4042,Tullymorgan
4043,Tumbarumba
4044,Tumbi Umbi
4045,Tumblong
4046,Tumbulgum
4047,Tumorrama
4048,Tumut
4049,Tumut Plains
4050,Tuncester
4051,Tuncurry
4052,Tunglebung
4053,Tuntable Creek
4054,Tuppal
4055,Tura Beach
4056,Turill
4057,Turlinjah
4058,Turners Flat
4059,Turondale
4060,Tuross
4061,Tuross Head
4062,Turramurra
4063,Turrawan
4064,Turrella
4065,Turvey Park
4066,Tweed Heads
4067,Tweed Heads South
4068,Tweed Heads West
4069,Twelve Mile
4070,Twelve Mile Creek
4071,Twelve Mile Peg
4072,Twenty Forests
4073,Twin Rivers
4074,Two Mile Flat
4075,Tyagarah
4076,Tyalgum
4077,Tyalgum Creek
4078,Tygalgah
4079,Tyndale
4080,Tyringham
4081,Uarbry
4082,Uki
4083,Ulamambri
4084,Ulan
4085,Ulladulla
4086,Ullamalla
4087,Ulmarra
4088,Ulong
4089,Uloola
4090,Ultimo
4091,Umina Beach
4092,Unanderra
4093,Underbank
4094,Undercliffe
4095,Ungarie
4096,Unumgar
4097,Upper Allyn
4098,Upper Bingara
4099,Upper Burringbar
4100,Upper Bylong
4101,Upper Colo
4102,Upper Coopers Creek
4103,Upper Copmanhurst
4104,Upper Corindi
4105,Upper Crystal Creek
4106,Upper Dartbrook
4107,Upper Duck Creek
4108,Upper Duroby
4109,Upper Eden Creek
4110,Upper Fine Flower
4111,Upper Growee
4112,Upper Horseshoe Creek
4113,Upper Horton
4114,Upper Kangaroo River
4115,Upper Kangaroo Valley
4116,Upper Kangaroo Valley
4117,Upper Karuah River
4118,Upper Lansdowne
4119,Upper Macdonald
4120,Upper Main Arm
4121,Upper Mangrove
4122,Upper Manilla
4123,Upper Mongogarie
4124,Upper Myall
4125,Upper Nile
4126,Upper Orara
4127,Upper Pappinbarra
4128,Upper Rollands Plains
4129,Upper Rouchel
4130,Upper Taylors Arm
4131,Upper Tooloom
4132,Upper Turon
4133,Upper Wilsons Creek
4134,Upsalls Creek
4135,Uralba
4136,Uralla
4137,Urana
4138,Urangeline
4139,Urangeline East
4140,Uranquinty
4141,Urawilkie
4142,Urbenville
4143,Uriarra
4144,Urila
4145,Urliup
4146,Urunga
4147,Utungun
4148,Vacy
4149,Vale of Clwydd
4150,Valentine
4151,Valery
4152,Valla
4153,Valla Beach
4154,Valley Heights
4155,Varroville
4156,Vaucluse
4157,Verges Creek
4158,Verona
4159,Villawood
4160,Vincentia
4161,Vineyard
4162,Violet Hill
4163,Vittoria
4164,Voyager Point
4165,Wadalba
4166,Wadbilliga
4167,Wadeville
4168,Wagga Wagga
4169,Wagstaffe
4170,Wahroonga
4171,Waitara
4172,Waitui
4173,Wakefield
4174,Wakeley
4175,Wakool
4176,Walang
4177,Walbundrie
4178,Walcha
4179,Walcha Road
4180,Waldegrave
4181,Walgett
4182,Walla Walla
4183,Wallabadah
4184,Wallabi Point
4185,Wallacetown
4186,Wallacia
4187,Wallaga Lake
4188,Wallagoot
4189,Wallalong
4190,Wallamore
4191,Wallanbah
4192,Wallangra
4193,Wallanthery
4194,Wallarah
4195,Wallaringa
4196,Wallarobba
4197,Wallaroo
4198,Wallendbeen
4199,Wallerawang
4200,Walleroobie
4201,Wallingat
4202,Wallis Lake
4203,Wallsend
4204,Walmer
4205,Wamban
4206,Wambangalang
4207,Wamberal
4208,Wamboin
4209,Wambool
4210,Wambrook
4211,Wanaaring
4212,Wandandian
4213,Wandella
4214,Wandera
4215,Wandook
4216,Wandsworth
4217,Wang Wauk
4218,Wanganella
4219,Wanganui
4220,Wangi Wangi
4221,Wantabadgery
4222,Wantagong
4223,Wantiool
4224,Wapengo
4225,Warabrook
4226,Waratah
4227,Waratah West
4228,Warburn
4229,Wardell
4230,Wardrop Valley
4231,Wards Mistake
4232,Wards River
4233,Wareemba
4234,Warialda
4235,Warialda Rail
4236,Warilla
4237,Warkworth
4238,Warners Bay
4239,Warnervale
4240,Warrabah
4241,Warraderry
4242,Warragai Creek
4243,Warragamba
4244,Warragoon
4245,Warrah
4246,Warrah Creek
4247,Warrah Ridge
4248,Warral
4249,Warranulla
4250,Warrawee
4251,Warrawidgee
4252,Warrawong
4253,Warrazambil Creek
4254,Warregah Island
4255,Warrell Creek
4256,Warren
4257,Warri
4258,Warriewood
4259,Warrimoo
4260,Warroo
4261,Warrumbungle
4262,Warumbul
4263,Warwick Farm
4264,Washpool
4265,Washpool
4266,Watagan
4267,Watanobbi
4268,Waterfall
4269,Waterloo
4270,Watersleigh
4271,Waterview
4272,Waterview Heights
4273,Watsons Bay
4274,Watsons Creek
4275,Wattamolla
4276,Wattamolla
4277,Wattamondara
4278,Wattle Flat
4279,Wattle Grove
4280,Wattle Ponds
4281,Wattle Ridge
4282,Watton
4283,Wauchope
4284,Waugorah
4285,Waukivory
4286,Waverley
4287,Waverly
4288,Waverton
4289,Way Way
4290,Wayo
4291,Weabonga
4292,Wean
4293,Webbers Creek
4294,Webbs Creek
4295,Wedderburn
4296,Wee Jasper
4297,Wee Waa
4298,Weedallion
4299,Weemelah
4300,Weetaliba
4301,Weethalle
4302,Weilmoringle
4303,Weismantels
4304,Welaregang
4305,Welby
4306,Wellingrove
4307,Wellington
4308,Wellington Vale
4309,Wells Crossing
4310,Wendoree Park
4311,Wentworth
4312,Wentworth Falls
4313,Wentworth Point
4314,Wentworthville
4315,Werai
4316,Wereboldera
4317,Wermatong
4318,Werombi
4319,Werri Beach
4320,Werrikimbe
4321,Werrington
4322,Werrington County
4323,Werrington Downs
4324,Werris Creek
4325,West Albury
4326,West Ballina
4327,West Bathurst
4328,West Bungawalbin
4329,West Coraki
4330,West Gosford
4331,West Haven
4332,West Hoxton
4333,West Kempsey
4334,West Nowra
4335,West Pennant Hills
4336,West Pymble
4337,West Ryde
4338,West Tamworth
4339,West Wallsend
4340,West Wiangaree
4341,West Wollongong
4342,West Wyalong
4343,Westbrook
4344,Westdale
4345,Westdale
4346,Westleigh
4347,Westmead
4348,Weston
4349,Westwood
4350,Wetherill Park
4351,Wetuppa
4352,Whalan
4353,Whale Beach
4354,Wheeler Heights
4355,Wheeny Creek
4356,Wheeo
4357,Wherrol Flat
4358,Whian Whian
4359,Whiporie
4360,White Cliffs
4361,White Rock
4362,Whitebridge
4363,Whiteman Creek
4364,Whitlow
4365,Whittingham
4366,Whitton
4367,Whoota
4368,Wiagdon
4369,Wiangaree
4370,Wiarborough
4371,Wickham
4372,Widden
4373,Widgelli
4374,Wilberforce
4375,Wilbetree
4376,Wilcannia
4377,Wild Cattle Creek
4378,Wildes Meadow
4379,Wiley Park
4380,Willala
4381,Willawarrin
4382,Willbriggie
4383,Willi Willi
4384,Williamsdale
4385,Williamtown
4386,Willigobung
4387,Willina
4388,Willmot
4389,Willoughby
4390,Willoughby East
4391,Willow Tree
4392,Willow Vale
4393,Willow Vale
4394,Willsons Downfall
4395,Willurah
4396,Wilpinjong
4397,Wilsons Creek
4398,Wilsons Valley
4399,Wilton
4400,Wimbledon
4401,Wimborne
4402,Winburndale
4403,Windale
4404,Windang
4405,Windella
4406,Windellama
4407,Windera
4408,Windermere
4409,Windermere Park
4410,Windeyer
4411,Windowie
4412,Windradyne
4413,Windsor
4414,Windsor Downs
4415,Windy
4416,Winegrove
4417,Wingadee
4418,Wingello
4419,Wingen
4420,Wingham
4421,Winifred
4422,Winmalee
4423,Winston Hills
4424,Winton
4425,Wirlinga
4426,Wirraba
4427,Wirragulla
4428,Wirrimah
4429,Wirrimbi
4430,Wirrinya
4431,Wisemans Creek
4432,Wisemans Ferry
4433,Wittitrin
4434,Wog Wog
4435,Wog Wog
4436,Woko
4437,Wolgan Valley
4438,Wollangambe
4439,Wollar
4440,Wollemi
4441,Wolli Creek
4442,Wollogorang
4443,Wollombi
4444,Wollomombi
4445,Wollongbar
4446,Wollongong
4447,Wollstonecraft
4448,Wollumboola
4449,Wollun
4450,Wolumla
4451,Wombarra
4452,Wombat
4453,Wombat Creek
4454,Wombeyan Caves
4455,Womboota
4456,Womerah
4457,Wonboyn
4458,Wonboyn North
4459,Wondabyne
4460,Wondalga
4461,Wongarbon
4462,Wongawilli
4463,Wongo Creek
4464,Wongwibinda
4465,Woodberry
4466,Woodbine
4467,Woodburn
4468,Woodburn
4469,Woodcroft
4470,Woodenbong
4471,Woodford
4472,Woodford
4473,Woodford Island
4474,Woodhill
4475,Woodhouselee
4476,Woodlands
4477,Woodlands
4478,Woodlawn
4479,Woodpark
4480,Woodrising
4481,Woodside
4482,Woodsreef
4483,Woodstock
4484,Woodstock
4485,Woodstock
4486,Woodview
4487,Woodville
4488,Woody Head
4489,Woolbrook
4490,Woolgarlo
4491,Woolgoolga
4492,Wooli
4493,Woollahra
4494,Woollamia
4495,Woolloomooloo
4496,Woolners Arm
4497,Woolomin
4498,Woolooma
4499,Woolooware
4500,Wooloweyah
4501,Woolwich
4502,Woomargama
4503,Woombah
4504,Woongarrah
4505,Woonona
4506,Wootton
4507,Wooyung
4508,Worlds End
4509,Woronora
4510,Woronora Dam
4511,Woronora Heights
4512,Worrigee
4513,Worrowing Heights
4514,Woy Woy
4515,Woy Woy Bay
4516,Wrathall
4517,Wrights Beach
4518,Wrights Creek
4519,Wuuluman
4520,Wyalong
4521,Wyan
4522,Wyanbene
4523,Wyangala
4524,Wyangle
4525,Wybong
4526,Wybung
4527,Wyee
4528,Wyee Point
4529,Wylie Creek
4530,Wylies Flat
4531,Wymah
4532,Wyndham
4533,Wyneden
4534,Wyoming
4535,Wyong
4536,Wyong Creek
4537,Wyongah
4538,Wyrallah
4539,Yabbra
4540,Yadboro
4541,Yagon
4542,Yagoona
4543,Yalbraith
4544,Yallah
4545,Yallaroi
4546,Yalwal
4547,Yamba
4548,Yambulla
4549,Yanco
4550,Yanderra
4551,Yanga
4552,Yankees Creek
4553,Yannergee
4554,Yantabulla
4555,Yaouk
4556,Yarara
4557,Yarra
4558,Yarrabandai
4559,Yarrabin
4560,Yarragal
4561,Yarragrin
4562,Yarragundry
4563,Yarrahapinni
4564,Yarramalong
4565,Yarraman
4566,Yarramundi
4567,Yarranbella
4568,Yarrangobilly
4569,Yarras
4570,Yarras
4571,Yarratt Forest
4572,Yarravel
4573,Yarrawa
4574,Yarrawarrah
4575,Yarrawonga
4576,Yarrawonga Park
4577,Yarrie Lake
4578,Yarrow
4579,Yarrowford
4580,Yarrowitch
4581,Yarrowyck
4582,Yass
4583,Yass River
4584,Yathella
4585,Yattalunga
4586,Yatte Yattah
4587,Yaven Creek
4588,Yelgun
4589,Yellow Dam
4590,Yellow Pinch
4591,Yellow Rock
4592,Yellow Rock
4593,Yenabilli
4594,Yenda
4595,Yengo
4596,Yennora
4597,Yeoval
4598,Yerong Creek
4599,Yerranderie
4600,Yerrinbool
4601,Yerriyong
4602,Yessabah
4603,Yetholme
4604,Yetman
4605,Yippin Creek
4606,Yoogali
4607,Yorklea
4608,Young
4609,Yowie Bay
4610,Yowrie
4611,Yullundry
4612,Yuraygir
4613,Zara
4614,Zetland
